sentence_id,language_code,expression,hint
1,EN,Hello,Common greeting used any time of day
1,ES,Hola,Saludo común para cualquier momento del día
1,ZH,你好,nǐ hǎo - 最常用的问候语 (가장 흔한 인사말)
1,JA,こんにちは,こんにちは(konnichiwa) - 日中の挨拶 (낮 인사)
1,KO,안녕하세요,가장 기본적인 한국어 인사말. 격식체. annyeonghaseyo
2,EN,Goodbye,Said to the person who is leaving
2,ES,Adiós,Se dice a la persona que se va
2,ZH,再见,zài jiàn - 告别用语 (작별 인사)
2,JA,さようなら,さようなら(sayōnara) - 別れの挨拶 (작별 인사)
2,KO,안녕히 가세요,떠나는 사람에게 하는 인사. annyeonghi gaseyo
3,EN,Goodbye,Said to the person who is staying behind
3,ES,Adiós,Se dice a la persona que se queda
3,ZH,再见,zài jiàn - 对留下的人说的告别语 (남는 사람에게 하는 작별 인사)
3,JA,さようなら,さようなら(sayōnara) - 残る人への挨拶 (남는 사람에게 하는 인사)
3,KO,안녕히 계세요,남아 있는 사람에게 하는 인사. annyeonghi gyeseyo
4,EN,Thank you,Formal expression of gratitude
4,ES,Gracias,Expresión formal de agradecimiento
4,ZH,谢谢,xiè xiè - 表示感谢 (감사 표현)
4,JA,ありがとうございます,ありがとうございます(arigatō gozaimasu) - 丁寧な感謝 (정중한 감사)
4,KO,감사합니다,정중한 감사 표현. 격식체. gamsahamnida
5,EN,Thank you,Slightly softer than 감사합니다 but still polite
5,ES,Gracias,"Un poco menos formal que 감사합니다, pero cortés"
5,ZH,谢谢,xiè xiè - 感谢（稍随意）(약간 부드러운 감사)
5,JA,ありがとう,ありがとう(arigatō) - やや親しい感謝 (친근한 감사)
5,KO,고맙습니다,감사합니다보다 약간 부드러운 감사 표현. gomapseumnida
6,EN,I'm sorry,"Apology, slightly casual but polite"
6,ES,Lo siento,Disculpa cortés
6,ZH,对不起,duì bu qǐ - 道歉用语 (사과 표현)
6,JA,すみません,すみません(sumimasen) - 謝罪表現 (사과 표현)
6,KO,미안합니다,사과 표현. 죄송합니다보다 약간 가벼운 느낌. mianhamnida
7,EN,I'm very sorry,Very formal apology
7,ES,Lo siento mucho,Disculpa muy formal
7,ZH,非常抱歉,fēi cháng bào qiàn - 正式道歉 (격식 사과)
7,JA,申し訳ありません,もうしわけありません(mōshiwake arimasen) - 正式な謝罪 (격식 사과)
7,KO,죄송합니다,매우 정중한 사과 표현. 격식체. joesonghamnida
8,EN,Yes,Affirmative response
8,ES,Sí,Respuesta afirmativa
8,ZH,是,shì - 肯定回答 (긍정 대답)
8,JA,はい,はい(hai) - 肯定の返事 (긍정 대답)
8,KO,네,긍정의 대답. 격식체. ne
9,EN,No,Negative response
9,ES,No,Respuesta negativa
9,ZH,不是,bú shì - 否定回答 (부정 대답)
9,JA,いいえ,いいえ(iie) - 否定の返事 (부정 대답)
9,KO,아니요,부정의 대답. 격식체. aniyo
10,EN,Excuse me,Used to get attention or apologize for interrupting
10,ES,Disculpe,Se usa para llamar la atención o pedir permiso
10,ZH,打扰一下,dǎ rǎo yí xià - 打扰时用语 (실례할 때 쓰는 말)
10,JA,すみません,すみません(sumimasen) - 注意を引く表現 (주의를 끌 때)
10,KO,실례합니다,다른 사람에게 말을 걸 때 쓰는 정중한 표현. sillyehamnida
11,EN,I,"First person pronoun, informal"
11,ES,Yo,Pronombre de primera persona
11,ZH,我,wǒ - 第一人称代词 (1인칭 대명사)
11,JA,私,わたし(watashi) - 一人称代名詞 (1인칭 대명사)
11,KO,나,1인칭 대명사. 비격식. 친구나 아랫사람에게 사용. na
12,EN,I,"First person pronoun, humble/formal"
12,ES,Yo,"Pronombre de primera persona, formal"
12,ZH,我,"wǒ - 第一人称（正式）(1인칭, 격식)"
12,JA,私,"わたくし(watakushi) - 一人称（謙譲）(1인칭, 겸양)"
12,KO,저,1인칭 대명사. 격식체. 윗사람에게 사용. jeo
13,EN,You,"Second person pronoun, informal"
13,ES,Tú,"Pronombre de segunda persona, informal"
13,ZH,你,nǐ - 第二人称代词 (2인칭 대명사)
13,JA,君,"きみ(kimi) - 二人称（親しい）(2인칭, 친근)"
13,KO,너,2인칭 대명사. 비격식. 친구나 아랫사람에게 사용. neo
14,EN,You,"Second person pronoun, formal"
14,ES,Usted,"Pronombre de segunda persona, formal"
14,ZH,您,"nín - 第二人称（尊敬）(2인칭, 존경)"
14,JA,あなた,"あなた(anata) - 二人称（丁寧）(2인칭, 정중)"
14,KO,당신,2인칭 대명사. 격식체. 실제 대화에서는 잘 안 씀. dangsin
15,EN,He,Third person masculine pronoun
15,ES,Él,Pronombre de tercera persona masculino
15,ZH,他,tā - 第三人称（男）(3인칭 남성)
15,JA,彼,かれ(kare) - 三人称（男性）(3인칭 남성)
15,KO,그,3인칭 남성 대명사. geu
16,EN,She,Third person feminine pronoun
16,ES,Ella,Pronombre de tercera persona femenino
16,ZH,她,tā - 第三人称（女）(3인칭 여성)
16,JA,彼女,かのじょ(kanojo) - 三人称（女性）(3인칭 여성)
16,KO,그녀,3인칭 여성 대명사. geunyeo
17,EN,It,Third person pronoun for things
17,ES,Eso,Pronombre para cosas
17,ZH,它,tā - 第三人称（物）(3인칭 사물)
17,JA,それ,それ(sore) - 物を指す代名詞 (사물 대명사)
17,KO,그것,3인칭 사물 대명사. geugeot
18,EN,We,First person plural pronoun
18,ES,Nosotros,Pronombre de primera persona plural
18,ZH,我们,wǒ men - 第一人称复数 (1인칭 복수)
18,JA,私たち,わたしたち(watashitachi) - 一人称複数 (1인칭 복수)
18,KO,우리,1인칭 복수 대명사. '우리 가족' 등으로 많이 사용. uri
19,EN,They,Third person plural pronoun
19,ES,Ellos,Pronombre de tercera persona plural
19,ZH,他们,tā men - 第三人称复数 (3인칭 복수)
19,JA,彼ら,かれら(karera) - 三人称複数 (3인칭 복수)
19,KO,그들,3인칭 복수 대명사. geudeul
20,EN,Everyone,Addressing a group of people
20,ES,Todos ustedes,Dirigirse a un grupo de personas
20,ZH,大家,dà jiā - 对大家说 (여러 사람에게)
20,JA,皆さん,みなさん(minasan) - 皆様 (여러분)
20,KO,여러분,여러 사람을 가리키는 2인칭 복수. yeoreobun
21,EN,This,Demonstrative for something near the speaker
21,ES,Esto,Demostrativo para algo cerca del hablante
21,ZH,这个,"zhè ge - 指示代词（近）(지시대명사, 가까운 것)"
21,JA,これ,これ(kore) - 近くの物を指す (가까운 것)
21,KO,이것,말하는 사람 가까이에 있는 것을 가리킴. igeot
22,EN,That,Demonstrative for something near the listener
22,ES,Eso,Demostrativo para algo cerca del oyente
22,ZH,那个,"nà ge - 指示代词（中距离）(지시대명사, 중간 거리)"
22,JA,それ,それ(sore) - 聞き手の近くの物 (듣는 사람 근처)
22,KO,그것,듣는 사람 가까이에 있는 것을 가리킴. geugeot
23,EN,That over there,Demonstrative for something far from both speakers
23,ES,Aquello,Demostrativo para algo lejos de ambos
23,ZH,那个,"nà ge - 指示代词（远）(지시대명사, 먼 것)"
23,JA,あれ,あれ(are) - 遠くの物を指す (먼 것)
23,KO,저것,말하는 사람과 듣는 사람 모두에게서 먼 것. jeogeot
24,EN,Here,Place near the speaker
24,ES,Aquí,Lugar cerca del hablante
24,ZH,这里,"zhè lǐ - 这里（近处）(여기, 가까운 곳)"
24,JA,ここ,ここ(koko) - 近い場所 (가까운 장소)
24,KO,여기,말하는 사람 가까이의 장소. yeogi
25,EN,There,Place near the listener
25,ES,Ahí,Lugar cerca del oyente
25,ZH,那里,"nà lǐ - 那里（中距离）(거기, 중간 거리)"
25,JA,そこ,そこ(soko) - 聞き手の近くの場所 (듣는 사람 근처)
25,KO,거기,듣는 사람 가까이의 장소. geogi
26,EN,Over there,Place far from both speakers
26,ES,Allá,Lugar lejos de ambos hablantes
26,ZH,那边,"nà biān - 那边（远处）(저기, 먼 곳)"
26,JA,あそこ,あそこ(asoko) - 遠い場所 (먼 장소)
26,KO,저기,말하는 사람과 듣는 사람 모두에게서 먼 장소. jeogi
27,EN,This way,Direction near the speaker
27,ES,Por aquí,Dirección cerca del hablante
27,ZH,这边,"zhè biān - 这边（方向）(이쪽, 방향)"
27,JA,こちら,こちら(kochira) - こちらの方 (이쪽 방향)
27,KO,이쪽,말하는 사람 쪽의 방향. ijjok
28,EN,That way,Direction far from both speakers
28,ES,Por allá,Dirección lejos de ambos hablantes
28,ZH,那边,"nà biān - 那边（方向）(저쪽, 방향)"
28,JA,あちら,あちら(achira) - あちらの方 (저쪽 방향)
28,KO,저쪽,먼 쪽의 방향. jeojjok
29,EN,This place,Formal way to say 'here'
29,ES,Este lugar,Forma formal de decir 'aquí'
29,ZH,这个地方,zhè ge dì fāng - 这个地方 (이 장소)
29,JA,この場所,このばしょ(kono basho) - この場所 (이 장소)
29,KO,이곳,'여기'의 격식체 표현. igot
30,EN,That place,Formal way to say 'over there'
30,ES,Aquel lugar,Forma formal de decir 'allá'
30,ZH,那个地方,nà ge dì fāng - 那个地方 (저 장소)
30,JA,あの場所,あのばしょ(ano basho) - あの場所 (저 장소)
30,KO,저곳,'저기'의 격식체 표현. jeogot
31,EN,Good,"Adjective meaning good, fine"
31,ES,Bueno,Adjetivo que significa bueno
31,ZH,好,"hǎo - 形容词，好的 (형용사, 좋은)"
31,JA,いい,"いい(ii) - 良い、形容詞 (좋은, 형용사)"
31,KO,좋다,기본 형용사. 상태가 좋음. 반대말: 나쁘다. jota
32,EN,Bad,Adjective meaning bad
32,ES,Malo,Adjetivo que significa malo
32,ZH,坏,"huài - 形容词，坏的 (형용사, 나쁜)"
32,JA,悪い,"わるい(warui) - 悪い、形容詞 (나쁜, 형용사)"
32,KO,나쁘다,기본 형용사. 상태가 나쁨. 반대말: 좋다. nappeuda
33,EN,Happy,Adjective meaning happy
33,ES,Feliz,Adjetivo que significa feliz
33,ZH,幸福,"xìng fú - 形容词，幸福的 (형용사, 행복한)"
33,JA,幸せ,しあわせ(shiawase) - 幸せ、形容詞 (행복한)
33,KO,행복하다,감정 형용사. 행복한 상태. haengbokada
34,EN,Sad,Adjective meaning sad
34,ES,Triste,Adjetivo que significa triste
34,ZH,难过,"nán guò - 形容词，难过的 (형용사, 슬픈)"
34,JA,悲しい,かなしい(kanashii) - 悲しい、形容詞 (슬픈)
34,KO,슬프다,감정 형용사. 슬픈 상태. 반대말: 기쁘다. seulpeuda
35,EN,Hungry,Adjective meaning hungry
35,ES,Hambriento,Adjetivo que significa hambriento
35,ZH,饿,"è - 形容词，饿的 (형용사, 배고픈)"
35,JA,お腹がすいた,おなかがすいた(onaka ga suita) - お腹が空いた (배고프다)
35,KO,배고프다,신체 상태 형용사. 배가 고픈 상태. baegeopeuda
36,EN,Tired,Adjective meaning tired
36,ES,Cansado,Adjetivo que significa cansado
36,ZH,累,"lèi - 形容词，累的 (형용사, 피곤한)"
36,JA,疲れた,つかれた(tsukareta) - 疲れた、形容詞 (피곤한)
36,KO,피곤하다,신체 상태 형용사. 피곤한 상태. pigonhada
37,EN,Glad,"Adjective meaning glad, pleased"
37,ES,Contento,Adjetivo que significa contento
37,ZH,高兴,"gāo xìng - 形容词，高兴的 (형용사, 기쁜)"
37,JA,嬉しい,うれしい(ureshii) - 嬉しい、形容詞 (기쁜)
37,KO,기쁘다,감정 형용사. 기쁜 상태. 행복하다보다 순간적. gippeuda
38,EN,Angry,Adjective meaning angry
38,ES,Enojado,Adjetivo que significa enojado
38,ZH,生气,"shēng qì - 形容词，生气的 (형용사, 화난)"
38,JA,怒った,おこった(okotta) - 怒った、形容詞 (화난)
38,KO,화나다,감정 형용사. 화가 난 상태. hwanada
39,EN,Scary,Adjective meaning scary or frightened
39,ES,Asustado,Adjetivo que significa asustado o aterrador
39,ZH,害怕,"hài pà - 形容词，害怕的 (형용사, 무서운)"
39,JA,怖い,こわい(kowai) - 怖い、形容詞 (무서운)
39,KO,무섭다,감정 형용사. 무서운 상태 또는 대상. museopda
40,EN,Okay,"Adjective meaning okay, alright"
40,ES,Está bien,Expresión que significa estar bien
40,ZH,没关系,"méi guān xi - 没关系 (괜찮다, 상관없다)"
40,JA,大丈夫,だいじょうぶ(daijōbu) - 大丈夫 (괜찮다)
40,KO,괜찮다,상태가 괜찮음을 나타냄. 위로할 때도 사용. gwaenchanta
41,EN,One,Cardinal number 1
41,ES,Uno,Número cardinal 1
41,ZH,一,yī - 数字1 (숫자 1)
41,JA,一つ,"ひとつ(hitotsu) - 数字1 (숫자 1, 고유 수사)"
41,KO,하나,고유어 숫자 1. 물건을 셀 때 사용. hana
42,EN,Two,Cardinal number 2
42,ES,Dos,Número cardinal 2
42,ZH,二,èr - 数字2 (숫자 2)
42,JA,二つ,"ふたつ(futatsu) - 数字2 (숫자 2, 고유 수사)"
42,KO,둘,고유어 숫자 2. dul
43,EN,Three,Cardinal number 3
43,ES,Tres,Número cardinal 3
43,ZH,三,sān - 数字3 (숫자 3)
43,JA,三つ,"みっつ(mittsu) - 数字3 (숫자 3, 고유 수사)"
43,KO,셋,고유어 숫자 3. set
44,EN,Four,Cardinal number 4
44,ES,Cuatro,Número cardinal 4
44,ZH,四,sì - 数字4 (숫자 4)
44,JA,四つ,"よっつ(yottsu) - 数字4 (숫자 4, 고유 수사)"
44,KO,넷,고유어 숫자 4. net
45,EN,Five,Cardinal number 5
45,ES,Cinco,Número cardinal 5
45,ZH,五,wǔ - 数字5 (숫자 5)
45,JA,五つ,"いつつ(itsutsu) - 数字5 (숫자 5, 고유 수사)"
45,KO,다섯,고유어 숫자 5. daseot
46,EN,Six,Cardinal number 6
46,ES,Seis,Número cardinal 6
46,ZH,六,liù - 数字6 (숫자 6)
46,JA,六つ,"むっつ(muttsu) - 数字6 (숫자 6, 고유 수사)"
46,KO,여섯,고유어 숫자 6. yeoseot
47,EN,Seven,Cardinal number 7
47,ES,Siete,Número cardinal 7
47,ZH,七,qī - 数字7 (숫자 7)
47,JA,七つ,"ななつ(nanatsu) - 数字7 (숫자 7, 고유 수사)"
47,KO,일곱,고유어 숫자 7. ilgop
48,EN,Eight,Cardinal number 8
48,ES,Ocho,Número cardinal 8
48,ZH,八,bā - 数字8 (숫자 8)
48,JA,八つ,"やっつ(yattsu) - 数字8 (숫자 8, 고유 수사)"
48,KO,여덟,고유어 숫자 8. yeodeol
49,EN,Nine,Cardinal number 9
49,ES,Nueve,Número cardinal 9
49,ZH,九,jiǔ - 数字9 (숫자 9)
49,JA,九つ,"ここのつ(kokonotsu) - 数字9 (숫자 9, 고유 수사)"
49,KO,아홉,고유어 숫자 9. ahop
50,EN,Ten,Cardinal number 10
50,ES,Diez,Número cardinal 10
50,ZH,十,shí - 数字10 (숫자 10)
50,JA,十,じゅう(jū) - 数字10 (숫자 10)
50,KO,열,고유어 숫자 10. yeol
51,EN,Mom,Informal word for mother
51,ES,Mamá,Palabra informal para madre
51,ZH,妈妈,"mā ma - 妈妈（非正式）(엄마, 비격식)"
51,JA,お母さん,おかあさん(okāsan) - お母さん (어머니)
51,KO,엄마,어머니의 비격식 표현. 가족 호칭. eomma
52,EN,Dad,Informal word for father
52,ES,Papá,Palabra informal para padre
52,ZH,爸爸,"bà ba - 爸爸（非正式）(아빠, 비격식)"
52,JA,お父さん,おとうさん(otōsan) - お父さん (아버지)
52,KO,아빠,아버지의 비격식 표현. 가족 호칭. appa
53,EN,Older brother,Used by males for their older brother
53,ES,Hermano mayor,Usado por hombres para su hermano mayor
53,ZH,哥哥,"gē ge - 哥哥（男性用）(형, 남성이 사용)"
53,JA,お兄さん,おにいさん(oniisan) - お兄さん (형/오빠)
53,KO,형,남자가 손위 남자 형제를 부르는 호칭. hyeong
54,EN,Older sister,Used by males for their older sister
54,ES,Hermana mayor,Usado por hombres para su hermana mayor
54,ZH,姐姐,"jiě jie - 姐姐（男性用）(누나, 남성이 사용)"
54,JA,お姉さん,おねえさん(onēsan) - お姉さん (누나/언니)
54,KO,누나,남자가 손위 여자 형제를 부르는 호칭. nuna
55,EN,Younger sibling,Younger brother or sister
55,ES,Hermano/a menor,Hermano o hermana menor
55,ZH,弟弟/妹妹,dì di/mèi mei - 弟弟或妹妹 (남동생 또는 여동생)
55,JA,弟/妹,おとうと/いもうと(otōto/imōto) - 弟または妹 (동생)
55,KO,동생,손아래 형제자매를 부르는 호칭. 성별 무관. dongsaeng
56,EN,Grandmother,Grandma
56,ES,Abuela,Abuelita
56,ZH,奶奶,nǎi nai - 奶奶/外婆 (할머니)
56,JA,おばあさん,おばあさん(obāsan) - おばあさん (할머니)
56,KO,할머니,아버지 또는 어머니의 어머니. halmeoni
57,EN,Grandfather,Grandpa
57,ES,Abuelo,Abuelito
57,ZH,爷爷,yé ye - 爷爷/外公 (할아버지)
57,JA,おじいさん,おじいさん(ojiisan) - おじいさん (할아버지)
57,KO,할아버지,아버지 또는 어머니의 아버지. harabeoji
58,EN,Family,Noun meaning family
58,ES,Familia,Sustantivo que significa familia
58,ZH,家人,"jiā rén - 家人，家庭 (가족, 가정)"
58,JA,家族,かぞく(kazoku) - 家族 (가족)
58,KO,가족,함께 사는 혈연관계의 사람들. gajok
59,EN,Parents,Father and mother
59,ES,Padres,Padre y madre
59,ZH,父母,fù mǔ - 父母 (부모)
59,JA,両親,"りょうしん(ryōshin) - 両親 (양친, 부모)"
59,KO,부모님,아버지와 어머니를 함께 부르는 존칭. bumonim
60,EN,Child,"A young person, kid"
60,ES,Niño,"Persona joven, chico"
60,ZH,孩子,"hái zi - 孩子，小孩 (아이, 어린이)"
60,JA,子ども,こども(kodomo) - 子供 (아이)
60,KO,아이,어린 사람. 자녀를 뜻하기도 함. ai
61,EN,Head,"Body part, top of the body"
61,ES,Cabeza,"Parte del cuerpo, parte superior"
61,ZH,头,"tóu - 身体部位，头部 (신체 부위, 머리)"
61,JA,頭,"あたま(atama) - 頭、体の部位 (머리, 신체 부위)"
61,KO,머리,신체 부위. 머리카락을 뜻하기도 함. meori
62,EN,Eye,"Body part, organ of sight"
62,ES,Ojo,"Parte del cuerpo, órgano de la vista"
62,ZH,眼睛,"yǎn jīng - 身体部位，眼睛 (신체 부위, 눈)"
62,JA,目,"め(me) - 目、体の部位 (눈, 신체 부위)"
62,KO,눈,신체 부위. '눈(snow)'과 같은 형태. nun
63,EN,Nose,"Body part, organ of smell"
63,ES,Nariz,"Parte del cuerpo, órgano del olfato"
63,ZH,鼻子,"bí zi - 身体部位，鼻子 (신체 부위, 코)"
63,JA,鼻,"はな(hana) - 鼻、体の部位 (코, 신체 부위)"
63,KO,코,신체 부위. 냄새를 맡는 기관. ko
64,EN,Mouth,Body part used for eating and speaking
64,ES,Boca,Parte del cuerpo para comer y hablar
64,ZH,嘴,"zuǐ - 身体部位，嘴巴 (신체 부위, 입)"
64,JA,口,"くち(kuchi) - 口、体の部位 (입, 신체 부위)"
64,KO,입,신체 부위. 먹고 말하는 기관. ip
65,EN,Ear,"Body part, organ of hearing"
65,ES,Oreja,"Parte del cuerpo, órgano del oído"
65,ZH,耳朵,"ěr duo - 身体部位，耳朵 (신체 부위, 귀)"
65,JA,耳,"みみ(mimi) - 耳、体の部位 (귀, 신체 부위)"
65,KO,귀,신체 부위. 소리를 듣는 기관. gwi
66,EN,Hand,Body part at the end of the arm
66,ES,Mano,Parte del cuerpo al final del brazo
66,ZH,手,"shǒu - 身体部位，手 (신체 부위, 손)"
66,JA,手,"て(te) - 手、体の部位 (손, 신체 부위)"
66,KO,손,신체 부위. 물건을 잡는 부분. son
67,EN,Foot,Body part at the end of the leg
67,ES,Pie,Parte del cuerpo al final de la pierna
67,ZH,脚,"jiǎo - 身体部位，脚 (신체 부위, 발)"
67,JA,足,"あし(ashi) - 足、体の部位 (발, 신체 부위)"
67,KO,발,신체 부위. 걸을 때 사용하는 부분. bal
68,EN,Arm,Body part between shoulder and hand
68,ES,Brazo,Parte del cuerpo entre hombro y mano
68,ZH,胳膊,"gē bo - 身体部位，胳膊 (신체 부위, 팔)"
68,JA,腕,"うで(ude) - 腕、体の部位 (팔, 신체 부위)"
68,KO,팔,신체 부위. 어깨와 손 사이. 숫자 8과 동음. pal
69,EN,Leg,Body part used for walking
69,ES,Pierna,Parte del cuerpo para caminar
69,ZH,腿,"tuǐ - 身体部位，腿 (신체 부위, 다리)"
69,JA,脚,"あし(ashi) - 脚、体の部位 (다리, 신체 부위)"
69,KO,다리,신체 부위. 걷기에 사용. 다리(bridge)와 동음. dari
70,EN,Face,Front part of the head
70,ES,Cara,Parte frontal de la cabeza
70,ZH,脸,"liǎn - 身体部位，脸 (신체 부위, 얼굴)"
70,JA,顔,"かお(kao) - 顔、体の部位 (얼굴, 신체 부위)"
70,KO,얼굴,신체 부위. 머리의 앞부분. eolgul
71,EN,Red,"Color of fire, blood"
71,ES,Rojo,"Color del fuego, la sangre"
71,ZH,红色,"hóng sè - 颜色，红色 (색상, 빨간색)"
71,JA,赤,あか(aka) - 赤い色 (빨간색)
71,KO,빨간색,"기본 색상. 불, 피의 색. ppalgansaek"
72,EN,Blue,"Color of sky, ocean"
72,ES,Azul,"Color del cielo, océano"
72,ZH,蓝色,"lán sè - 颜色，蓝色 (색상, 파란색)"
72,JA,青,あお(ao) - 青い色 (파란색)
72,KO,파란색,"기본 색상. 하늘, 바다의 색. paransaek"
73,EN,Yellow,"Color of the sun, bananas"
73,ES,Amarillo,"Color del sol, plátanos"
73,ZH,黄色,"huáng sè - 颜色，黄色 (색상, 노란색)"
73,JA,黄色,きいろ(kiiro) - 黄色い色 (노란색)
73,KO,노란색,"기본 색상. 태양, 바나나의 색. noransaek"
74,EN,Green,"Color of grass, leaves"
74,ES,Verde,"Color del pasto, hojas"
74,ZH,绿色,"lǜ sè - 颜色，绿色 (색상, 초록색)"
74,JA,緑,みどり(midori) - 緑色 (초록색)
74,KO,초록색,"기본 색상. 풀, 잎의 색. choroksaek"
75,EN,White,"Color of snow, milk"
75,ES,Blanco,"Color de la nieve, leche"
75,ZH,白色,"bái sè - 颜色，白色 (색상, 하얀색)"
75,JA,白,しろ(shiro) - 白い色 (하얀색)
75,KO,하얀색,"기본 색상. 눈, 우유의 색. hayansaek"
76,EN,Black,"Color of night, coal"
76,ES,Negro,"Color de la noche, carbón"
76,ZH,黑色,"hēi sè - 颜色，黑色 (색상, 검은색)"
76,JA,黒,くろ(kuro) - 黒い色 (검은색)
76,KO,검은색,"기본 색상. 밤, 석탄의 색. geomeunsaek"
77,EN,Orange,Color between red and yellow
77,ES,Naranja,Color entre rojo y amarillo
77,ZH,橙色,"chéng sè - 颜色，橙色 (색상, 주황색)"
77,JA,オレンジ,オレンジ(orenji) - オレンジ色 (주황색)
77,KO,주황색,기본 색상. 빨간색과 노란색의 중간. juhwangsaek
78,EN,Purple,Color between red and blue
78,ES,Morado,Color entre rojo y azul
78,ZH,紫色,"zǐ sè - 颜色，紫色 (색상, 보라색)"
78,JA,紫,むらさき(murasaki) - 紫色 (보라색)
78,KO,보라색,기본 색상. 빨간색과 파란색의 중간. borasaek
79,EN,Pink,Light red color
79,ES,Rosa,Color rojo claro
79,ZH,粉红色,"fěn hóng sè - 颜色，粉红色 (색상, 분홍색)"
79,JA,ピンク,ピンク(pinku) - ピンク色 (분홍색)
79,KO,분홍색,기본 색상. 연한 빨간색. bunhongsaek
80,EN,Brown,"Color of earth, chocolate"
80,ES,Marrón,"Color de la tierra, chocolate"
80,ZH,棕色,"zōng sè - 颜色，棕色 (색상, 갈색)"
80,JA,茶色,ちゃいろ(chairo) - 茶色 (갈색)
80,KO,갈색,"기본 색상. 흙, 초콜릿의 색. galsaek"
81,EN,House,A building where people live
81,ES,Casa,Edificio donde vive la gente
81,ZH,家,"jiā - 房子，住所 (집, 거주지)"
81,JA,家,"いえ(ie) - 家、住む場所 (집, 사는 곳)"
81,KO,집,사람이 사는 건물. 가정을 뜻하기도 함. jip
82,EN,Door,Opening in a wall for entry
82,ES,Puerta,Abertura en la pared para entrar
82,ZH,门,"mén - 门，出入口 (문, 출입구)"
82,JA,ドア,ドア(doa) - 出入り口 (출입구)
82,KO,문,출입구에 설치된 것. 열고 닫을 수 있음. mun
83,EN,Window,Opening in a wall for light and air
83,ES,Ventana,Abertura en la pared para luz y aire
83,ZH,窗户,chuāng hu - 窗户 (창문)
83,JA,窓,まど(mado) - 窓 (창문)
83,KO,창문,벽에 있는 빛과 공기를 위한 개구부. changmun
84,EN,Table,Flat surface with legs for placing things
84,ES,Mesa,Superficie plana con patas para poner cosas
84,ZH,桌子,zhuō zi - 桌子 (탁자)
84,JA,テーブル,テーブル(tēburu) - テーブル (탁자)
84,KO,탁자,물건을 올려놓는 가구. '테이블'이라고도 함. takja
85,EN,Chair,Seat with a back for one person
85,ES,Silla,Asiento con respaldo para una persona
85,ZH,椅子,yǐ zi - 椅子 (의자)
85,JA,椅子,いす(isu) - 椅子 (의자)
85,KO,의자,앉기 위한 가구. uija
86,EN,Bed,Furniture for sleeping
86,ES,Cama,Mueble para dormir
86,ZH,床,"chuáng - 床，睡觉的家具 (침대, 잠자는 가구)"
86,JA,ベッド,ベッド(beddo) - ベッド (침대)
86,KO,침대,잠을 자기 위한 가구. chimdae
87,EN,Room,A space within a building
87,ES,Habitación,Un espacio dentro de un edificio
87,ZH,房间,fáng jiān - 房间 (방)
87,JA,部屋,へや(heya) - 部屋 (방)
87,KO,방,건물 안의 공간. bang
88,EN,Kitchen,Room where food is prepared
88,ES,Cocina,Habitación donde se prepara la comida
88,ZH,厨房,chú fáng - 厨房 (부엌)
88,JA,台所,だいどころ(daidokoro) - 台所 (부엌)
88,KO,부엌,음식을 만드는 방. bueok
89,EN,Bathroom,Room with toilet and sink
89,ES,Baño,Habitación con inodoro y lavabo
89,ZH,卫生间,wèi shēng jiān - 卫生间，厕所 (화장실)
89,JA,トイレ,トイレ(toire) - トイレ (화장실)
89,KO,화장실,용변을 보는 방. hwajangshil
90,EN,Mirror,Reflective surface to see yourself
90,ES,Espejo,Superficie reflectante para verse
90,ZH,镜子,jìng zi - 镜子 (거울)
90,JA,鏡,かがみ(kagami) - 鏡 (거울)
90,KO,거울,모습을 비추는 물건. geoul
91,EN,Water,Clear liquid for drinking
91,ES,Agua,Líquido transparente para beber
91,ZH,水,"shuǐ - 水，饮用液体 (물, 마시는 액체)"
91,JA,水,みず(mizu) - 水 (물)
91,KO,물,마시는 투명한 액체. mul
92,EN,Rice / Meal,Cooked rice; also means 'meal' in Korean
92,ES,Arroz / Comida,Arroz cocido; también significa 'comida'
92,ZH,米饭,"mǐ fàn - 米饭，也指饭食 (쌀밥, 식사를 뜻하기도 함)"
92,JA,ご飯,"ごはん(gohan) - ご飯、食事 (밥, 식사)"
92,KO,밥,쌀로 지은 음식. 식사를 뜻하기도 함. bap
93,EN,Bread,Baked food made from flour
93,ES,Pan,Alimento horneado hecho de harina
93,ZH,面包,miàn bāo - 面包 (빵)
93,JA,パン,パン(pan) - パン (빵)
93,KO,빵,밀가루로 만든 구운 음식. ppang
94,EN,Meat,Animal flesh used as food
94,ES,Carne,Carne de animal usada como alimento
94,ZH,肉,ròu - 肉 (고기)
94,JA,肉,にく(niku) - 肉 (고기)
94,KO,고기,동물의 살. 식용 육류. gogi
95,EN,Fruit,Sweet food from plants
95,ES,Fruta,Alimento dulce de las plantas
95,ZH,水果,shuǐ guǒ - 水果 (과일)
95,JA,果物,くだもの(kudamono) - 果物 (과일)
95,KO,과일,식물에서 나는 달콤한 식품. gwail
96,EN,Milk,White liquid from cows
96,ES,Leche,Líquido blanco de las vacas
96,ZH,牛奶,niú nǎi - 牛奶 (우유)
96,JA,牛乳,ぎゅうにゅう(gyūnyū) - 牛乳 (우유)
96,KO,우유,소에서 나는 흰 음료. uyu
97,EN,Egg,Oval food from chickens
97,ES,Huevo,Alimento ovalado de las gallinas
97,ZH,鸡蛋,jī dàn - 鸡蛋 (달걀)
97,JA,卵,たまご(tamago) - 卵 (달걀)
97,KO,달걀,닭이 낳는 알. '계란'이라고도 함. dalgyal
98,EN,Vegetable,Edible plant or part of a plant
98,ES,Verdura,Planta comestible o parte de una planta
98,ZH,蔬菜,shū cài - 蔬菜 (채소)
98,JA,野菜,やさい(yasai) - 野菜 (채소)
98,KO,채소,먹을 수 있는 식물. '야채'라고도 함. chaeso
99,EN,Soup,Liquid food made by boiling
99,ES,Sopa,Alimento líquido hecho al hervir
99,ZH,汤,"tāng - 汤 (국, 탕)"
99,JA,スープ,"スープ(sūpu) - スープ (수프, 국)"
99,KO,국,물에 재료를 넣고 끓인 음식. guk
100,EN,Tea,Hot beverage made from leaves
100,ES,Té,Bebida caliente hecha con hojas
100,ZH,茶,chá - 茶 (차)
100,JA,お茶,おちゃ(ocha) - お茶 (차)
100,KO,차,잎을 우린 뜨거운 음료. 자동차(car)와 동음. cha
101,EN,Dog,Common pet animal
101,ES,Perro,Animal doméstico común
101,ZH,狗,gǒu - 狗 (개)
101,JA,犬,いぬ(inu) - 犬 (개)
101,KO,개,흔한 반려동물. gae
102,EN,Cat,Common pet animal
102,ES,Gato,Animal doméstico común
102,ZH,猫,māo - 猫 (고양이)
102,JA,猫,ねこ(neko) - 猫 (고양이)
102,KO,고양이,흔한 반려동물. goyangi
103,EN,Bird,Animal with feathers and wings
103,ES,Pájaro,Animal con plumas y alas
103,ZH,鸟,niǎo - 鸟 (새)
103,JA,鳥,とり(tori) - 鳥 (새)
103,KO,새,깃털과 날개가 있는 동물. sae
104,EN,Fish,Animal that lives in water
104,ES,Pez,Animal que vive en el agua
104,ZH,鱼,yú - 鱼 (물고기)
104,JA,魚,さかな(sakana) - 魚 (물고기)
104,KO,물고기,물에 사는 동물. mulgogi
105,EN,Cow,Large farm animal for milk and meat
105,ES,Vaca,Animal de granja grande para leche y carne
105,ZH,牛,niú - 牛 (소)
105,JA,牛,うし(ushi) - 牛 (소)
105,KO,소,큰 가축. 우유와 고기를 얻음. so
106,EN,Horse,Large animal used for riding
106,ES,Caballo,Animal grande usado para montar
106,ZH,马,mǎ - 马 (말)
106,JA,馬,うま(uma) - 馬 (말)
106,KO,말,큰 동물. 타고 다님. '말(speech)'과 동음. mal
107,EN,Pig,Farm animal raised for meat
107,ES,Cerdo,Animal de granja criado para carne
107,ZH,猪,zhū - 猪 (돼지)
107,JA,豚,ぶた(buta) - 豚 (돼지)
107,KO,돼지,가축. 돼지고기를 얻음. dwaeji
108,EN,Chicken,Bird raised for eggs and meat
108,ES,Pollo,Ave criada para huevos y carne
108,ZH,鸡,jī - 鸡 (닭)
108,JA,鶏,にわとり(niwatori) - 鶏 (닭)
108,KO,닭,달걀과 고기를 얻는 새. dak
109,EN,Rabbit,Small animal with long ears
109,ES,Conejo,Animal pequeño con orejas largas
109,ZH,兔子,tù zi - 兔子 (토끼)
109,JA,うさぎ,うさぎ(usagi) - うさぎ (토끼)
109,KO,토끼,귀가 긴 작은 동물. tokki
110,EN,Mouse,Small rodent
110,ES,Ratón,Pequeño roedor
110,ZH,老鼠,lǎo shǔ - 老鼠 (쥐)
110,JA,ネズミ,ネズミ(nezumi) - ネズミ (쥐)
110,KO,쥐,작은 설치류 동물. jwi
111,EN,School,Place for learning and education
111,ES,Escuela,Lugar para aprender y educarse
111,ZH,学校,xué xiào - 学校 (학교)
111,JA,学校,がっこう(gakkō) - 学校 (학교)
111,KO,학교,배우고 교육받는 곳. hakgyo
112,EN,Store,Place where things are sold
112,ES,Tienda,Lugar donde se venden cosas
112,ZH,商店,shāng diàn - 商店 (가게)
112,JA,店,みせ(mise) - 店 (가게)
112,KO,가게,물건을 파는 곳. gage
113,EN,Park,Public green space for recreation
113,ES,Parque,Espacio verde público para recreación
113,ZH,公园,gōng yuán - 公园 (공원)
113,JA,公園,こうえん(kōen) - 公園 (공원)
113,KO,공원,쉬거나 운동하는 공공 녹지. gongwon
114,EN,Hospital,Place for medical treatment
114,ES,Hospital,Lugar para tratamiento médico
114,ZH,医院,yī yuàn - 医院 (병원)
114,JA,病院,びょういん(byōin) - 病院 (병원)
114,KO,병원,아픈 사람을 치료하는 곳. byeongwon
115,EN,Bank,Place for financial services
115,ES,Banco,Lugar para servicios financieros
115,ZH,银行,yín háng - 银行 (은행)
115,JA,銀行,ぎんこう(ginkō) - 銀行 (은행)
115,KO,은행,돈을 맡기거나 빌리는 곳. eunhaeng
116,EN,Station,Place where trains or buses stop
116,ES,Estación,Lugar donde paran trenes o autobuses
116,ZH,车站,"chē zhàn - 车站 (역, 정류장)"
116,JA,駅,えき(eki) - 駅 (역)
116,KO,역,기차나 지하철이 서는 곳. yeok
117,EN,Restaurant,Place where meals are served
117,ES,Restaurante,Lugar donde se sirven comidas
117,ZH,餐厅,cān tīng - 餐厅 (식당)
117,JA,レストラン,レストラン(resutoran) - レストラン (식당)
117,KO,식당,음식을 파는 곳. sikdang
118,EN,Library,Place with books for reading
118,ES,Biblioteca,Lugar con libros para leer
118,ZH,图书馆,tú shū guǎn - 图书馆 (도서관)
118,JA,図書館,としょかん(toshokan) - 図書館 (도서관)
118,KO,도서관,책을 읽거나 빌리는 곳. doseogwan
119,EN,Post office,Place for sending mail
119,ES,Oficina de correos,Lugar para enviar correo
119,ZH,邮局,yóu jú - 邮局 (우체국)
119,JA,郵便局,ゆうびんきょく(yūbinkyoku) - 郵便局 (우체국)
119,KO,우체국,편지와 소포를 보내는 곳. ucheguk
120,EN,Market,Place where goods are bought and sold
120,ES,Mercado,Lugar donde se compran y venden productos
120,ZH,市场,shì chǎng - 市场 (시장)
120,JA,市場,いちば(ichiba) - 市場 (시장)
120,KO,시장,물건을 사고파는 곳. 전통시장. sijang
121,EN,To go,Verb meaning to move to a place
121,ES,Ir,Verbo que significa moverse a un lugar
121,ZH,去,"qù - 动词，去 (동사, 가다)"
121,JA,行く,"いく(iku) - 行く、動詞 (가다, 동사)"
121,KO,가다,기본 동사. 어떤 장소로 이동함. gada
122,EN,To come,Verb meaning to move toward the speaker
122,ES,Venir,Verbo que significa moverse hacia el hablante
122,ZH,来,"lái - 动词，来 (동사, 오다)"
122,JA,来る,"くる(kuru) - 来る、動詞 (오다, 동사)"
122,KO,오다,기본 동사. 말하는 사람 쪽으로 이동함. oda
123,EN,To eat,Verb meaning to consume food
123,ES,Comer,Verbo que significa consumir alimentos
123,ZH,吃,"chī - 动词，吃 (동사, 먹다)"
123,JA,食べる,"たべる(taberu) - 食べる、動詞 (먹다, 동사)"
123,KO,먹다,기본 동사. 음식을 입에 넣고 삼킴. meokda
124,EN,To drink,Verb meaning to consume liquid
124,ES,Beber,Verbo que significa consumir líquido
124,ZH,喝,"hē - 动词，喝 (동사, 마시다)"
124,JA,飲む,"のむ(nomu) - 飲む、動詞 (마시다, 동사)"
124,KO,마시다,기본 동사. 액체를 삼킴. masida
125,EN,To sleep,Verb meaning to rest with eyes closed
125,ES,Dormir,Verbo que significa descansar con los ojos cerrados
125,ZH,睡觉,"shuì jiào - 动词，睡觉 (동사, 자다)"
125,JA,寝る,"ねる(neru) - 寝る、動詞 (자다, 동사)"
125,KO,자다,기본 동사. 눈을 감고 쉼. jada
126,EN,To see / To watch,Verb meaning to look at or watch
126,ES,Ver,Verbo que significa mirar u observar
126,ZH,看,"kàn - 动词，看 (동사, 보다)"
126,JA,見る,"みる(miru) - 見る、動詞 (보다, 동사)"
126,KO,보다,기본 동사. 눈으로 봄. 영화를 '보다'에도 사용. boda
127,EN,Go to school,Phrase: destination + go
127,ES,Ir a la escuela,Frase: destino + ir
127,ZH,去学校,qù xué xiào - 去+地点 (가다+장소)
127,JA,学校に行く,がっこうにいく(gakkō ni iku) - 場所+に+行く (장소+에+가다)
127,KO,학교에 가다,장소+에+가다 패턴. '에'는 방향 조사. hakgyoe gada
128,EN,Drink water,Phrase: object + verb
128,ES,Beber agua,Frase: objeto + verbo
128,ZH,喝水,hē shuǐ - 喝+水 (마시다+물)
128,JA,水を飲む,みずをのむ(mizu o nomu) - 水+を+飲む (물+을+마시다)
128,KO,물 마시다,목적어+동사 패턴. mul masida
129,EN,Eat a meal,Phrase: object + verb
129,ES,Comer,Frase: objeto + verbo
129,ZH,吃饭,chī fàn - 吃+饭 (먹다+밥)
129,JA,ご飯を食べる,ごはんをたべる(gohan o taberu) - ご飯+を+食べる (밥+을+먹다)
129,KO,밥 먹다,목적어+동사 패턴. 식사하다라는 뜻. bap meokda
130,EN,Come here,Phrase: place + come
130,ES,Ven aquí,Frase: lugar + venir
130,ZH,来这里,lái zhè lǐ - 来+这里 (오다+여기)
130,JA,ここに来る,ここにくる(koko ni kuru) - ここ+に+来る (여기+에+오다)
130,KO,여기 오다,장소+오다 패턴. yeogi oda
131,EN,To be,"Copula verb, linking subject to noun"
131,ES,Ser,Verbo copulativo
131,ZH,是,"shì - 动词，是 (동사, ~이다)"
131,JA,です,"です(desu) - 〜です (〜이다, 정중)"
131,KO,이다,서술격 조사. 명사 뒤에 붙어 '~이다'를 나타냄. ida
132,EN,To exist / To have,"Verb meaning there is, or to have"
132,ES,Haber / Tener,Verbo que significa existir o tener
132,ZH,有,"yǒu - 动词，有/在 (동사, 있다/존재하다)"
132,JA,ある / いる,ある(aru)/いる(iru) - ある(物)/いる(人) (있다: 사물/사람)
132,KO,있다,존재 또는 소유를 나타내는 동사. 반대말: 없다. itda
133,EN,To not exist / To not have,"Verb meaning there is not, or to not have"
133,ES,No haber / No tener,Verbo que significa no existir o no tener
133,ZH,没有,"méi yǒu - 动词，没有 (동사, 없다)"
133,JA,ない,ない(nai) - ない (없다)
133,KO,없다,존재하지 않거나 소유하지 않음. 반대말: 있다. eopda
134,EN,To like,Verb meaning to be fond of
134,ES,Gustar,Verbo que significa agradar
134,ZH,喜欢,"xǐ huān - 动词，喜欢 (동사, 좋아하다)"
134,JA,好き,すき(suki) - 好き (좋아하다)
134,KO,좋아하다,감정 동사. 무엇을 좋게 여김. joahada
135,EN,To dislike,Verb meaning to not be fond of
135,ES,No gustar,Verbo que significa no agradar
135,ZH,讨厌,"tǎo yàn - 动词，讨厌 (동사, 싫어하다)"
135,JA,嫌い,きらい(kirai) - 嫌い (싫어하다)
135,KO,싫어하다,감정 동사. 무엇을 싫게 여김. 반대말: 좋아하다. sireohada
136,EN,To want,Verb meaning to desire
136,ES,Querer,Verbo que significa desear
136,ZH,想要,"xiǎng yào - 动词，想要 (동사, 원하다)"
136,JA,欲しい,"ほしい(hoshii) - 欲しい (원하다, 갖고 싶다)"
136,KO,원하다,감정 동사. 무엇을 바람. wonhada
137,EN,There is water,Phrase: noun + exist
137,ES,Hay agua,Frase: sustantivo + existir
137,ZH,有水,yǒu shuǐ - 有+水 (있다+물)
137,JA,水がある,みずがある(mizu ga aru) - 水+が+ある (물+이+있다)
137,KO,물 있다,명사+있다 패턴. 존재를 나타냄. mul itda
138,EN,To be at home,Phrase: place + exist
138,ES,Estar en casa,Frase: lugar + estar
138,ZH,在家,zài jiā - 在+家 (있다+집)
138,JA,家にいる,いえにいる(ie ni iru) - 家+に+いる (집+에+있다)
138,KO,집에 있다,장소+에+있다 패턴. 위치를 나타냄. jibe itda
139,EN,Like fruit,Phrase: object + like
139,ES,Gustar la fruta,Frase: objeto + gustar
139,ZH,喜欢水果,xǐ huān shuǐ guǒ - 喜欢+水果 (좋아하다+과일)
139,JA,果物が好き,くだものがすき(kudamono ga suki) - 果物+が+好き (과일+을+좋아하다)
139,KO,과일 좋아하다,목적어+좋아하다 패턴. gwail joahada
140,EN,Want food,Phrase: object + want
140,ES,Querer comida,Frase: objeto + querer
140,ZH,想要饭,xiǎng yào fàn - 想要+饭 (원하다+밥)
140,JA,ご飯が欲しい,ごはんがほしい(gohan ga hoshii) - ご飯+が+欲しい (밥+을+원하다)
140,KO,밥 원하다,목적어+원하다 패턴. bap wonhada
141,EN,Big,Adjective meaning large in size
141,ES,Grande,Adjetivo que significa grande en tamaño
141,ZH,大,"dà - 形容词，大 (형용사, 큰)"
141,JA,大きい,"おおきい(ōkii) - 大きい、形容詞 (큰, 형용사)"
141,KO,크다,크기 형용사. 반대말: 작다. keuda
142,EN,Small,Adjective meaning little in size
142,ES,Pequeño,Adjetivo que significa pequeño en tamaño
142,ZH,小,"xiǎo - 形容词，小 (형용사, 작은)"
142,JA,小さい,"ちいさい(chiisai) - 小さい、形容詞 (작은, 형용사)"
142,KO,작다,크기 형용사. 반대말: 크다. jakda
143,EN,Many / Much,Adjective meaning a large amount
143,ES,Mucho,Adjetivo que significa gran cantidad
143,ZH,多,"duō - 形容词，多 (형용사, 많은)"
143,JA,多い,"おおい(ōi) - 多い、形容詞 (많은, 형용사)"
143,KO,많다,양 형용사. 수나 양이 큼. 반대말: 적다. manta
144,EN,Few / Little,Adjective meaning a small amount
144,ES,Poco,Adjetivo que significa poca cantidad
144,ZH,少,"shǎo - 形容词，少 (형용사, 적은)"
144,JA,少ない,"すくない(sukunai) - 少ない、形容詞 (적은, 형용사)"
144,KO,적다,양 형용사. 수나 양이 작음. 반대말: 많다. jeokda
145,EN,Long,Adjective meaning great in length
145,ES,Largo,Adjetivo que significa largo
145,ZH,长,"cháng - 形容词，长 (형용사, 긴)"
145,JA,長い,"ながい(nagai) - 長い、形容詞 (긴, 형용사)"
145,KO,길다,길이 형용사. 반대말: 짧다. gilda
146,EN,Short,Adjective meaning small in length
146,ES,Corto,Adjetivo que significa corto
146,ZH,短,"duǎn - 形容词，短 (형용사, 짧은)"
146,JA,短い,"みじかい(mijikai) - 短い、形容詞 (짧은, 형용사)"
146,KO,짧다,길이 형용사. 반대말: 길다. jjalda
147,EN,Big house,Phrase: adjective + noun
147,ES,Casa grande,Frase: adjetivo + sustantivo
147,ZH,大房子,dà fáng zi - 大+房子 (큰+집)
147,JA,大きい家,おおきいいえ(ōkii ie) - 大きい+家 (큰+집)
147,KO,큰 집,관형사형+명사 패턴. 크다→큰(관형형). keun jip
148,EN,Small room,Phrase: adjective + noun
148,ES,Habitación pequeña,Frase: adjetivo + sustantivo
148,ZH,小房间,xiǎo fáng jiān - 小+房间 (작은+방)
148,JA,小さい部屋,ちいさいへや(chiisai heya) - 小さい+部屋 (작은+방)
148,KO,작은 방,관형사형+명사 패턴. 작다→작은(관형형). jageun bang
149,EN,Long legs,Phrase: adjective + noun
149,ES,Piernas largas,Frase: adjetivo + sustantivo
149,ZH,长腿,cháng tuǐ - 长+腿 (긴+다리)
149,JA,長い脚,ながいあし(nagai ashi) - 長い+脚 (긴+다리)
149,KO,긴 다리,관형사형+명사 패턴. 길다→긴(관형형). gin dari
150,EN,Short hair,Phrase: adjective + noun
150,ES,Pelo corto,Frase: adjetivo + sustantivo
150,ZH,短头发,duǎn tóu fa - 短+头发 (짧은+머리)
150,JA,短い髪,みじかいかみ(mijikai kami) - 短い+髪 (짧은+머리)
150,KO,짧은 머리,관형사형+명사 패턴. 짧다→짧은(관형형). jjalbeun meori
151,EN,Hot,Adjective meaning high temperature
151,ES,Caliente,Adjetivo que significa temperatura alta
151,ZH,热,"rè - 形容词，热 (형용사, 뜨거운)"
151,JA,熱い,"あつい(atsui) - 熱い、形容詞 (뜨거운, 형용사)"
151,KO,뜨겁다,감각 형용사. 온도가 높음. 반대말: 차갑다. tteugeopda
152,EN,Cold,Adjective meaning low temperature
152,ES,Frío,Adjetivo que significa temperatura baja
152,ZH,冷,"lěng - 形容词，冷 (형용사, 차가운)"
152,JA,冷たい,"つめたい(tsumetai) - 冷たい、形容詞 (차가운, 형용사)"
152,KO,차갑다,감각 형용사. 온도가 낮음. 반대말: 뜨겁다. chagapda
153,EN,Sweet,Adjective meaning sweet taste
153,ES,Dulce,Adjetivo que significa sabor dulce
153,ZH,甜,"tián - 形容词，甜 (형용사, 단)"
153,JA,甘い,"あまい(amai) - 甘い、形容詞 (단, 형용사)"
153,KO,달다,맛 형용사. 설탕 같은 맛. dalda
154,EN,Salty,Adjective meaning salty taste
154,ES,Salado,Adjetivo que significa sabor salado
154,ZH,咸,"xián - 形容词，咸 (형용사, 짠)"
154,JA,しょっぱい,"しょっぱい(shoppai) - しょっぱい (짠, 형용사)"
154,KO,짜다,맛 형용사. 소금 같은 맛. jjada
155,EN,Bright,Adjective meaning full of light
155,ES,Brillante,Adjetivo que significa lleno de luz
155,ZH,亮,"liàng - 形容词，亮 (형용사, 밝은)"
155,JA,明るい,"あかるい(akarui) - 明るい、形容詞 (밝은, 형용사)"
155,KO,밝다,감각 형용사. 빛이 많음. 반대말: 어둡다. balkda
156,EN,Dark,Adjective meaning lacking light
156,ES,Oscuro,Adjetivo que significa falta de luz
156,ZH,暗,"àn - 形容词，暗 (형용사, 어두운)"
156,JA,暗い,"くらい(kurai) - 暗い、形容詞 (어두운, 형용사)"
156,KO,어둡다,감각 형용사. 빛이 없음. 반대말: 밝다. eodupda
157,EN,Hot water,Phrase: adjective + noun
157,ES,Agua caliente,Frase: adjetivo + sustantivo
157,ZH,热水,rè shuǐ - 热+水 (뜨거운+물)
157,JA,熱いお湯,あついおゆ(atsui oyu) - 熱い+お湯 (뜨거운+물)
157,KO,뜨거운 물,관형사형+명사. 뜨겁다→뜨거운(관형형). tteugeoun mul
158,EN,Cold milk,Phrase: adjective + noun
158,ES,Leche fría,Frase: adjetivo + sustantivo
158,ZH,冷牛奶,lěng niú nǎi - 冷+牛奶 (차가운+우유)
158,JA,冷たい牛乳,つめたいぎゅうにゅう(tsumetai gyūnyū) - 冷たい+牛乳 (차가운+우유)
158,KO,차가운 우유,관형사형+명사. 차갑다→차가운(관형형). chagaun uyu
159,EN,Bright room,Phrase: adjective + noun
159,ES,Habitación brillante,Frase: adjetivo + sustantivo
159,ZH,明亮的房间,míng liàng de fáng jiān - 明亮的+房间 (밝은+방)
159,JA,明るい部屋,あかるいへや(akarui heya) - 明るい+部屋 (밝은+방)
159,KO,밝은 방,관형사형+명사. 밝다→밝은(관형형). balgeun bang
160,EN,Dark night,Phrase: adjective + noun
160,ES,Noche oscura,Frase: adjetivo + sustantivo
160,ZH,黑暗的夜晚,hēi àn de yè wǎn - 黑暗的+夜晚 (어두운+밤)
160,JA,暗い夜,くらいよる(kurai yoru) - 暗い+夜 (어두운+밤)
160,KO,어두운 밤,관형사형+명사. 어둡다→어두운(관형형). eoduun bam
161,EN,Monday,First day of the work week
161,ES,Lunes,Primer día de la semana laboral
161,ZH,星期一,xīng qī yī - 星期一 (월요일)
161,JA,月曜日,げつようび(getsuyōbi) - 月曜日 (월요일)
161,KO,월요일,한 주의 첫 번째 날. woryoil
162,EN,Tuesday,Second day of the work week
162,ES,Martes,Segundo día de la semana laboral
162,ZH,星期二,xīng qī èr - 星期二 (화요일)
162,JA,火曜日,かようび(kayōbi) - 火曜日 (화요일)
162,KO,화요일,한 주의 두 번째 날. hwayoil
163,EN,Wednesday,Third day of the work week
163,ES,Miércoles,Tercer día de la semana laboral
163,ZH,星期三,xīng qī sān - 星期三 (수요일)
163,JA,水曜日,すいようび(suiyōbi) - 水曜日 (수요일)
163,KO,수요일,한 주의 세 번째 날. suyoil
164,EN,Thursday,Fourth day of the work week
164,ES,Jueves,Cuarto día de la semana laboral
164,ZH,星期四,xīng qī sì - 星期四 (목요일)
164,JA,木曜日,もくようび(mokuyōbi) - 木曜日 (목요일)
164,KO,목요일,한 주의 네 번째 날. mogyoil
165,EN,Friday,Fifth day of the work week
165,ES,Viernes,Quinto día de la semana laboral
165,ZH,星期五,xīng qī wǔ - 星期五 (금요일)
165,JA,金曜日,きんようび(kinyōbi) - 金曜日 (금요일)
165,KO,금요일,한 주의 다섯 번째 날. geumyoil
166,EN,Saturday,First day of the weekend
166,ES,Sábado,Primer día del fin de semana
166,ZH,星期六,xīng qī liù - 星期六 (토요일)
166,JA,土曜日,どようび(doyōbi) - 土曜日 (토요일)
166,KO,토요일,주말 첫 번째 날. toyoil
167,EN,Good morning,Morning greeting
167,ES,Buenos días,Saludo matutino
167,ZH,早上好,zǎo shang hǎo - 早上好 (좋은 아침)
167,JA,おはようございます,おはようございます(ohayō gozaimasu) - 朝の挨拶 (아침 인사)
167,KO,좋은 아침,아침 인사 표현. 관형사형+명사. joeun achim
168,EN,This weekend,Phrase: this + weekend
168,ES,Este fin de semana,Frase: este + fin de semana
168,ZH,这个周末,zhè ge zhōu mò - 这个+周末 (이번+주말)
168,JA,今週末,こんしゅうまつ(konshūmatsu) - 今週末 (이번 주말)
168,KO,이번 주말,시간 표현. '이번'은 현재의 차례. ibeon jumal
169,EN,School on Monday,Phrase: time + place
169,ES,Escuela el lunes,Frase: tiempo + lugar
169,ZH,星期一去学校,xīng qī yī qù xué xiào - 星期一+学校 (월요일+학교)
169,JA,月曜日に学校,げつようびにがっこう(getsuyōbi ni gakkō) - 月曜日+に+学校
169,KO,월요일에 학교,시간+에+장소 패턴. '에'는 시간 조사. woryoire hakgyo
170,EN,Store on Friday,Phrase: time + place
170,ES,Tienda el viernes,Frase: tiempo + lugar
170,ZH,星期五去商店,xīng qī wǔ qù shāng diàn - 星期五+商店 (금요일+가게)
170,JA,金曜日にお店,きんようびにおみせ(kinyōbi ni omise) - 金曜日+に+店
170,KO,금요일에 가게,시간+에+장소 패턴. geumyoire gage
171,EN,Morning,Early part of the day
171,ES,Mañana,Parte temprana del día
171,ZH,早上,zǎo shang - 早上 (아침)
171,JA,朝,あさ(asa) - 朝 (아침)
171,KO,아침,하루의 이른 시간. 아침식사를 뜻하기도 함. achim
172,EN,Afternoon,Part of the day after noon
172,ES,Tarde,Parte del día después del mediodía
172,ZH,下午,xià wǔ - 下午 (오후)
172,JA,午後,ごご(gogo) - 午後 (오후)
172,KO,오후,낮 12시 이후의 시간. ohu
173,EN,Evening,Late part of the day
173,ES,Noche,Parte tardía del día
173,ZH,晚上,wǎn shang - 晚上 (저녁)
173,JA,夕方,ゆうがた(yūgata) - 夕方 (저녁)
173,KO,저녁,해가 지는 시간대. 저녁식사를 뜻하기도 함. jeonyeok
174,EN,Night,Dark part of the day
174,ES,Noche,Parte oscura del día
174,ZH,夜晚,yè wǎn - 夜晚 (밤)
174,JA,夜,よる(yoru) - 夜 (밤)
174,KO,밤,어두운 시간대. '밤(chestnut)'과 동음. bam
175,EN,Today,This present day
175,ES,Hoy,Este día presente
175,ZH,今天,jīn tiān - 今天 (오늘)
175,JA,今日,きょう(kyō) - 今日 (오늘)
175,KO,오늘,지금 이 날. oneul
176,EN,Tomorrow,The day after today
176,ES,Mañana,El día después de hoy
176,ZH,明天,míng tiān - 明天 (내일)
176,JA,明日,あした(ashita) - 明日 (내일)
176,KO,내일,오늘의 다음 날. naeil
177,EN,This morning,Phrase: today + morning
177,ES,Esta mañana,Frase: hoy + mañana
177,ZH,今天早上,jīn tiān zǎo shang - 今天+早上 (오늘+아침)
177,JA,今朝,けさ(kesa) - 今朝 (오늘 아침)
177,KO,오늘 아침,시간 표현 조합. 오늘+아침. oneul achim
178,EN,Tomorrow evening,Phrase: tomorrow + evening
178,ES,Mañana por la noche,Frase: mañana + noche
178,ZH,明天晚上,míng tiān wǎn shang - 明天+晚上 (내일+저녁)
178,JA,明日の夕方,あしたのゆうがた(ashita no yūgata) - 明日+の+夕方 (내일+의+저녁)
178,KO,내일 저녁,시간 표현 조합. 내일+저녁. naeil jeonyeok
179,EN,Last night,Phrase: yesterday + night
179,ES,Anoche,Frase: ayer + noche
179,ZH,昨天晚上,zuó tiān wǎn shang - 昨天+晚上 (어제+밤)
179,JA,昨夜,ゆうべ(yūbe) - 昨夜 (어젯밤)
179,KO,어제 밤,시간 표현 조합. 어제+밤. eoje bam
180,EN,"Right here, right now",Phrase: now + here
180,ES,Aquí y ahora,Frase: aquí + ahora
180,ZH,现在这里,xiàn zài zhè lǐ - 现在+这里 (지금+여기)
180,JA,今ここ,いまここ(ima koko) - 今+ここ (지금+여기)
180,KO,지금 여기,시간+장소 조합. '지금'은 현재 시점. jigeum yeogi
181,EN,Clear / Sunny,Adjective meaning clear sky
181,ES,Despejado,Adjetivo que significa cielo claro
181,ZH,晴朗,"qíng lǎng - 形容词，晴朗 (형용사, 맑은)"
181,JA,晴れ,はれ(hare) - 晴れ (맑음)
181,KO,맑다,날씨 형용사. 하늘이 깨끗함. makda
182,EN,Cloudy,Adjective meaning covered with clouds
182,ES,Nublado,Adjetivo que significa cubierto de nubes
182,ZH,阴天,"yīn tiān - 阴天，多云 (흐림, 구름 많음)"
182,JA,曇り,くもり(kumori) - 曇り (흐림)
182,KO,흐리다,날씨 형용사. 구름이 많음. 반대말: 맑다. heurida
183,EN,Rain,Water falling from clouds
183,ES,Lluvia,Agua que cae de las nubes
183,ZH,雨,yǔ - 雨 (비)
183,JA,雨,あめ(ame) - 雨 (비)
183,KO,비,구름에서 내리는 물. bi
184,EN,Snow,White ice crystals falling from sky
184,ES,Nieve,Cristales de hielo que caen del cielo
184,ZH,雪,xuě - 雪 (눈)
184,JA,雪,ゆき(yuki) - 雪 (눈)
184,KO,눈,하늘에서 내리는 흰 결정. 눈(eye)과 동음. nun
185,EN,Wind,Moving air
185,ES,Viento,Aire en movimiento
185,ZH,风,fēng - 风 (바람)
185,JA,風,かぜ(kaze) - 風 (바람)
185,KO,바람,움직이는 공기. baram
186,EN,Weather,Atmospheric conditions
186,ES,Clima,Condiciones atmosféricas
186,ZH,天气,tiān qì - 天气 (날씨)
186,JA,天気,てんき(tenki) - 天気 (날씨)
186,KO,날씨,"대기의 상태. 기온, 비, 눈 등을 포함. nalssi"
187,EN,Nice weather,Phrase: adjective + noun
187,ES,Buen clima,Frase: adjetivo + sustantivo
187,ZH,好天气,hǎo tiān qì - 好+天气 (좋은+날씨)
187,JA,いい天気,いいてんき(ii tenki) - いい+天気 (좋은+날씨)
187,KO,좋은 날씨,관형사형+명사. 좋다→좋은(관형형). joeun nalssi
188,EN,Bad weather,Phrase: adjective + noun
188,ES,Mal clima,Frase: adjetivo + sustantivo
188,ZH,坏天气,huài tiān qì - 坏+天气 (나쁜+날씨)
188,JA,悪い天気,わるいてんき(warui tenki) - 悪い+天気 (나쁜+날씨)
188,KO,나쁜 날씨,관형사형+명사. 나쁘다→나쁜(관형형). nappeun nalssi
189,EN,Rain today,Phrase: time + weather
189,ES,Lluvia hoy,Frase: tiempo + clima
189,ZH,今天下雨,jīn tiān xià yǔ - 今天+下雨 (오늘+비)
189,JA,今日は雨,きょうはあめ(kyō wa ame) - 今日+は+雨 (오늘+은+비)
189,KO,오늘 비,시간+날씨 조합. oneul bi
190,EN,Cold wind,Phrase: adjective + noun
190,ES,Viento frío,Frase: adjetivo + sustantivo
190,ZH,冷风,lěng fēng - 冷+风 (찬+바람)
190,JA,冷たい風,つめたいかぜ(tsumetai kaze) - 冷たい+風 (찬+바람)
190,KO,찬 바람,관형사형+명사. 차다→찬(관형형). chan baram
191,EN,Spring,Season after winter
191,ES,Primavera,Estación después del invierno
191,ZH,春天,chūn tiān - 春天 (봄)
191,JA,春,はる(haru) - 春 (봄)
191,KO,봄,겨울 다음 계절. 따뜻함. bom
192,EN,Summer,Hottest season of the year
192,ES,Verano,Estación más calurosa del año
192,ZH,夏天,xià tiān - 夏天 (여름)
192,JA,夏,なつ(natsu) - 夏 (여름)
192,KO,여름,가장 더운 계절. yeoreum
193,EN,Autumn / Fall,Season after summer
193,ES,Otoño,Estación después del verano
193,ZH,秋天,qiū tiān - 秋天 (가을)
193,JA,秋,あき(aki) - 秋 (가을)
193,KO,가을,여름 다음 계절. 시원함. gaeul
194,EN,Winter,Coldest season of the year
194,ES,Invierno,Estación más fría del año
194,ZH,冬天,dōng tiān - 冬天 (겨울)
194,JA,冬,ふゆ(fuyu) - 冬 (겨울)
194,KO,겨울,가장 추운 계절. gyeoul
195,EN,Season,One of the four periods of the year
195,ES,Estación,Uno de los cuatro períodos del año
195,ZH,季节,jì jié - 季节 (계절)
195,JA,季節,きせつ(kisetsu) - 季節 (계절)
195,KO,계절,"봄, 여름, 가을, 겨울의 네 시기. gyejeol"
196,EN,January,First month of the year
196,ES,Enero,Primer mes del año
196,ZH,一月,yī yuè - 一月 (1월)
196,JA,一月,いちがつ(ichigatsu) - 一月 (1월)
196,KO,1월,한 해의 첫 번째 달. irwol
197,EN,Warm spring,Phrase: adjective + noun
197,ES,Primavera cálida,Frase: adjetivo + sustantivo
197,ZH,温暖的春天,wēn nuǎn de chūn tiān - 温暖的+春天 (따뜻한+봄)
197,JA,暖かい春,あたたかいはる(atatakai haru) - 暖かい+春 (따뜻한+봄)
197,KO,따뜻한 봄,관형사형+명사. 따뜻하다→따뜻한. ttatteutan bom
198,EN,Hot summer,Phrase: adjective + noun
198,ES,Verano caluroso,Frase: adjetivo + sustantivo
198,ZH,炎热的夏天,yán rè de xià tiān - 炎热的+夏天 (더운+여름)
198,JA,暑い夏,あついなつ(atsui natsu) - 暑い+夏 (더운+여름)
198,KO,더운 여름,관형사형+명사. 덥다→더운. deoun yeoreum
199,EN,Cold winter,Phrase: adjective + noun
199,ES,Invierno frío,Frase: adjetivo + sustantivo
199,ZH,寒冷的冬天,hán lěng de dōng tiān - 寒冷的+冬天 (추운+겨울)
199,JA,寒い冬,さむいふゆ(samui fuyu) - 寒い+冬 (추운+겨울)
199,KO,추운 겨울,관형사형+명사. 춥다→추운. chuun gyeoul
200,EN,Cool autumn,Phrase: adjective + noun
200,ES,Otoño fresco,Frase: adjetivo + sustantivo
200,ZH,凉爽的秋天,liáng shuǎng de qiū tiān - 凉爽的+秋天 (시원한+가을)
200,JA,涼しい秋,すずしいあき(suzushii aki) - 涼しい+秋 (시원한+가을)
200,KO,시원한 가을,관형사형+명사. 시원하다→시원한. siwonhan gaeul
201,EN,Shirt,Upper body clothing
201,ES,Camisa,Ropa para la parte superior del cuerpo
201,ZH,衬衫,chèn shān - 衬衫 (셔츠)
201,JA,シャツ,シャツ(shatsu) - シャツ (셔츠)
201,KO,셔츠,상의 의류. 영어 shirt에서 온 외래어. syeocheu
202,EN,Pants,Lower body clothing
202,ES,Pantalones,Ropa para la parte inferior del cuerpo
202,ZH,裤子,kù zi - 裤子 (바지)
202,JA,ズボン,ズボン(zubon) - ズボン (바지)
202,KO,바지,하의 의류. 다리를 감싸는 옷. baji
203,EN,Shoes,Footwear
203,ES,Zapatos,Calzado
203,ZH,鞋子,xié zi - 鞋子 (신발)
203,JA,靴,くつ(kutsu) - 靴 (신발)
203,KO,신발,발에 신는 것. sinbal
204,EN,White shirt,Phrase: color + clothing
204,ES,Camisa blanca,Frase: color + ropa
204,ZH,白衬衫,bái chèn shān - 白+衬衫 (하얀+셔츠)
204,JA,白いシャツ,しろいシャツ(shiroi shatsu) - 白い+シャツ (하얀+셔츠)
204,KO,하얀 셔츠,색상+의류 패턴. 하얗다→하얀(관형형). hayan syeocheu
205,EN,Black pants,Phrase: color + clothing
205,ES,Pantalones negros,Frase: color + ropa
205,ZH,黑裤子,hēi kù zi - 黑+裤子 (검은+바지)
205,JA,黒いズボン,くろいズボン(kuroi zubon) - 黒い+ズボン (검은+바지)
205,KO,검은 바지,색상+의류 패턴. 검다→검은(관형형). geomeun baji
206,EN,Big shoes,Phrase: size + clothing
206,ES,Zapatos grandes,Frase: tamaño + calzado
206,ZH,大鞋子,dà xié zi - 大+鞋子 (큰+신발)
206,JA,大きい靴,おおきいくつ(ōkii kutsu) - 大きい+靴 (큰+신발)
206,KO,큰 신발,크기+의류 패턴. keun sinbal
207,EN,Small hat,Phrase: size + clothing
207,ES,Sombrero pequeño,Frase: tamaño + accesorio
207,ZH,小帽子,xiǎo mào zi - 小+帽子 (작은+모자)
207,JA,小さい帽子,ちいさいぼうし(chiisai bōshi) - 小さい+帽子 (작은+모자)
207,KO,작은 모자,크기+의류 패턴. jageun moja
208,EN,This is a skirt,Subject + be + noun sentence
208,ES,Esto es una falda,Oración: sujeto + ser + sustantivo
208,ZH,这是裙子,zhè shì qún zi - 这+是+裙子 (이것+은+치마)
208,JA,これはスカートです,これはスカートです(kore wa sukāto desu) - これ+は+スカート+です
208,KO,이것은 치마입니다,이것+은+명사+입니다 패턴. 기본 서술문. igoseun chimaimnida
209,EN,There are shoes,Existence sentence
209,ES,Hay zapatos,Oración de existencia
209,ZH,有鞋子,yǒu xié zi - 有+鞋子 (있다+신발)
209,JA,靴があります,くつがあります(kutsu ga arimasu) - 靴+が+あります
209,KO,신발이 있습니다,명사+이/가+있습니다 패턴. 존재 표현. sinbari itsseumnida
210,EN,The shirt is big,Subject + adjective sentence
210,ES,La camisa es grande,Oración: sujeto + adjetivo
210,ZH,衬衫很大,chèn shān hěn dà - 衬衫+很+大 (셔츠+가+크다)
210,JA,シャツが大きいです,シャツがおおきいです(shatsu ga ōkii desu) - シャツ+が+大きい+です
210,KO,셔츠가 큽니다,명사+가+형용사 패턴. 크다→큽니다(격식). syeocheuga keumnida
211,EN,Phone,Device for making calls
211,ES,Teléfono,Dispositivo para hacer llamadas
211,ZH,电话,diàn huà - 电话 (전화기)
211,JA,電話,でんわ(denwa) - 電話 (전화기)
211,KO,전화기,통화하는 기기. 핸드폰을 뜻하기도 함. jeonhwagi
212,EN,Book,Written or printed pages bound together
212,ES,Libro,Páginas escritas o impresas encuadernadas
212,ZH,书,shū - 书 (책)
212,JA,本,ほん(hon) - 本 (책)
212,KO,책,글이 적힌 인쇄물. chaek
213,EN,Bag,Container for carrying things
213,ES,Bolsa,Contenedor para llevar cosas
213,ZH,包,bāo - 包，书包 (가방)
213,JA,カバン,カバン(kaban) - カバン (가방)
213,KO,가방,물건을 넣어 들고 다니는 것. gabang
214,EN,My bag,Phrase: possessive + noun
214,ES,Mi bolsa,Frase: posesivo + sustantivo
214,ZH,我的包,wǒ de bāo - 我的+包 (나의+가방)
214,JA,私のカバン,わたしのカバン(watashi no kaban) - 私+の+カバン (나+의+가방)
214,KO,내 가방,소유격+명사 패턴. '나의'의 줄임말이 '내'. nae gabang
215,EN,Please give me an umbrella,Request phrase
215,ES,"Deme un paraguas, por favor",Frase de solicitud
215,ZH,请给我雨伞,qǐng gěi wǒ yǔ sǎn - 请+给+我+雨伞 (주세요+우산)
215,JA,傘をください,かさをください(kasa o kudasai) - 傘+を+ください (우산+을+주세요)
215,KO,우산 주세요,명사+주세요 패턴. 정중한 요청 표현. usan juseyo
216,EN,Big bag,Phrase: size + noun
216,ES,Bolsa grande,Frase: tamaño + sustantivo
216,ZH,大包,dà bāo - 大+包 (큰+가방)
216,JA,大きいカバン,おおきいカバン(ōkii kaban) - 大きい+カバン (큰+가방)
216,KO,큰 가방,크기+명사 패턴. keun gabang
217,EN,"This way, please",Polite direction phrase
217,ES,"Por aquí, por favor",Frase de dirección cortés
217,ZH,请往这边走,qǐng wǎng zhè biān zǒu - 请+这边+走 (이쪽으로 오세요)
217,JA,こちらへどうぞ,こちらへどうぞ(kochira e dōzo) - こちら+へ+どうぞ (이쪽으로 어서)
217,KO,이쪽으로요,방향+으로+요 패턴. 정중한 안내 표현. ijjogeurooyo
218,EN,This is a book,Subject + be + noun sentence
218,ES,Esto es un libro,Oración: sujeto + ser + sustantivo
218,ZH,这是书,zhè shì shū - 这+是+书 (이것+은+책)
218,JA,これは本です,これはほんです(kore wa hon desu) - これ+は+本+です
218,KO,이것은 책입니다,이것+은+명사+입니다 패턴. igoseun chaegimnida
219,EN,There is no key,Non-existence sentence
219,ES,No hay llave,Oración de no existencia
219,ZH,没有钥匙,méi yǒu yào shi - 没有+钥匙 (없다+열쇠)
219,JA,鍵がありません,かぎがありません(kagi ga arimasen) - 鍵+が+ありません
219,KO,열쇠가 없습니다,명사+가+없습니다 패턴. 부재 표현. yeolsoega eopsseumnida
220,EN,There is a clock,Existence sentence
220,ES,Hay un reloj,Oración de existencia
220,ZH,有钟表,yǒu zhōng biǎo - 有+钟表 (있다+시계)
220,JA,時計があります,とけいがあります(tokei ga arimasu) - 時計+が+あります
220,KO,시계가 있습니다,명사+가+있습니다 패턴. 존재 표현. sigyega itsseumnida
221,EN,Car,Motor vehicle for transportation
221,ES,Coche,Vehículo motorizado para transporte
221,ZH,汽车,qì chē - 汽车 (자동차)
221,JA,車,くるま(kuruma) - 車 (자동차)
221,KO,자동차,엔진으로 움직이는 탈것. jadongcha
222,EN,Bus,Large public transport vehicle
222,ES,Autobús,Vehículo grande de transporte público
222,ZH,公共汽车,gōng gòng qì chē - 公共汽车 (버스)
222,JA,バス,バス(basu) - バス (버스)
222,KO,버스,대중교통 수단. 영어 bus에서 온 외래어. beoseu
223,EN,Bicycle,Two-wheeled vehicle
223,ES,Bicicleta,Vehículo de dos ruedas
223,ZH,自行车,zì xíng chē - 自行车 (자전거)
223,JA,自転車,じてんしゃ(jitensha) - 自転車 (자전거)
223,KO,자전거,두 바퀴 달린 탈것. jajeongeo
224,EN,Big bus,Phrase: size + transport
224,ES,Autobús grande,Frase: tamaño + transporte
224,ZH,大巴士,dà bā shì - 大+巴士 (큰+버스)
224,JA,大きいバス,おおきいバス(ōkii basu) - 大きい+バス (큰+버스)
224,KO,큰 버스,크기+교통수단 패턴. keun beoseu
225,EN,Small car,Phrase: size + transport
225,ES,Coche pequeño,Frase: tamaño + transporte
225,ZH,小汽车,xiǎo qì chē - 小+汽车 (작은+자동차)
225,JA,小さい車,ちいさいくるま(chiisai kuruma) - 小さい+車 (작은+자동차)
225,KO,작은 자동차,크기+교통수단 패턴. jageun jadongcha
226,EN,Fast train,Phrase: speed + transport
226,ES,Tren rápido,Frase: velocidad + transporte
226,ZH,快速火车,kuài sù huǒ chē - 快速+火车 (빠른+기차)
226,JA,速い電車,はやいでんしゃ(hayai densha) - 速い+電車 (빠른+기차)
226,KO,빠른 기차,속도+교통수단 패턴. 빠르다→빠른(관형형). ppareun gicha
227,EN,"Taxi, please",Request phrase
227,ES,"Un taxi, por favor",Frase de solicitud
227,ZH,请叫出租车,qǐng jiào chū zū chē - 请+叫+出租车 (택시 불러주세요)
227,JA,タクシーをお願いします,タクシーをおねがいします(takushī o onegai shimasu)
227,KO,택시 주세요,명사+주세요 패턴. 정중한 요청. taeksi juseyo
228,EN,There is a bus,Existence sentence
228,ES,Hay un autobús,Oración de existencia
228,ZH,有公共汽车,yǒu gōng gòng qì chē - 有+公共汽车 (있다+버스)
228,JA,バスがあります,バスがあります(basu ga arimasu) - バス+が+あります
228,KO,버스가 있습니다,명사+가+있습니다 패턴. beoseuga itsseumnida
229,EN,Bicycles are nice,Subject + adjective sentence
229,ES,Las bicicletas son buenas,Oración: sujeto + adjetivo
229,ZH,自行车很好,zì xíng chē hěn hǎo - 自行车+很+好 (자전거+좋다)
229,JA,自転車がいいです,じてんしゃがいいです(jitensha ga ii desu)
229,KO,자전거가 좋습니다,명사+가+형용사 패턴. jajeonggeoga jotseumnida
230,EN,That is an airplane,Subject + be + noun sentence
230,ES,Eso es un avión,Oración: sujeto + ser + sustantivo
230,ZH,那是飞机,nà shì fēi jī - 那+是+飞机 (저것+은+비행기)
230,JA,あれは飛行機です,あれはひこうきです(are wa hikōki desu) - あれ+は+飛行機+です
230,KO,저것은 비행기입니다,저것+은+명사+입니다 패턴. jeogoseun bihaenggiimnida
231,EN,Twenty,Cardinal number 20
231,ES,Veinte,Número cardinal 20
231,ZH,二十,èr shí - 数字20 (숫자 20)
231,JA,二十,にじゅう(nijū) - 数字20 (숫자 20)
231,KO,스물,고유어 숫자 20. seumul
232,EN,Thirty,Cardinal number 30
232,ES,Treinta,Número cardinal 30
232,ZH,三十,sān shí - 数字30 (숫자 30)
232,JA,三十,さんじゅう(sanjū) - 数字30 (숫자 30)
232,KO,서른,고유어 숫자 30. seoreun
233,EN,One hundred,Cardinal number 100
233,ES,Cien,Número cardinal 100
233,ZH,一百,yì bǎi - 数字100 (숫자 100)
233,JA,百,ひゃく(hyaku) - 数字100 (숫자 100)
233,KO,백,한자어 숫자 100. baek
234,EN,Five apples,Phrase: noun + number
234,ES,Cinco manzanas,Frase: número + sustantivo
234,ZH,五个苹果,wǔ ge píng guǒ - 五+个+苹果 (다섯+개+사과)
234,JA,りんご五つ,りんごいつつ(ringo itsutsu) - りんご+五つ (사과+다섯)
234,KO,사과 다섯,명사+숫자 패턴. 수량 표현. sagwa daseot
235,EN,Ten eggs,Phrase: noun + number
235,ES,Diez huevos,Frase: número + sustantivo
235,ZH,十个鸡蛋,shí ge jī dàn - 十+个+鸡蛋 (열+개+달걀)
235,JA,卵十個,たまごじゅっこ(tamago jukko) - 卵+十個 (달걀+열 개)
235,KO,달걀 열,명사+숫자 패턴. dalgyal yeol
236,EN,One water,Phrase: noun + number (ordering)
236,ES,Un agua,Frase: número + sustantivo (pedir)
236,ZH,一杯水,yì bēi shuǐ - 一+杯+水 (한+잔+물)
236,JA,水一つ,みずひとつ(mizu hitotsu) - 水+一つ (물+하나)
236,KO,물 하나,명사+숫자 패턴. 주문할 때 많이 사용. mul hana
237,EN,How much is it?,Question about price
237,ES,¿Cuánto cuesta?,Pregunta sobre el precio
237,ZH,多少钱？,duō shǎo qián - 多少+钱？(얼마+돈?)
237,JA,いくらですか？,いくらですか(ikura desu ka) - いくら+ですか？(얼마+입니까?)
237,KO,얼마예요?,가격을 물을 때 쓰는 기본 표현. eolmayeyo
238,EN,There are three apples,Existence + counting sentence
238,ES,Hay tres manzanas,Oración de existencia + conteo
238,ZH,有三个苹果,yǒu sān ge píng guǒ - 有+三个+苹果 (있다+세 개+사과)
238,JA,りんごが三つあります,りんごがみっつあります(ringo ga mittsu arimasu)
238,KO,사과가 셋 있습니다,명사+가+숫자+있습니다 패턴. sagwaga set itsseumnida
239,EN,There are four chairs,Existence + counting sentence
239,ES,Hay cuatro sillas,Oración de existencia + conteo
239,ZH,有四把椅子,yǒu sì bǎ yǐ zi - 有+四把+椅子 (있다+네 개+의자)
239,JA,椅子が四つあります,いすがよっつあります(isu ga yottsu arimasu)
239,KO,의자가 넷 있습니다,명사+가+숫자+있습니다 패턴. uijaga net itsseumnida
240,EN,There are two children,Existence + counting sentence
240,ES,Hay dos niños,Oración de existencia + conteo
240,ZH,有两个孩子,yǒu liǎng ge hái zi - 有+两个+孩子 (있다+두 명+아이)
240,JA,子どもが二人います,こどもがふたりいます(kodomo ga futari imasu)
240,KO,아이가 둘 있습니다,명사+가+숫자+있습니다 패턴. aiga dul itsseumnida
241,EN,Apple,Common red or green fruit
241,ES,Manzana,Fruta común roja o verde
241,ZH,苹果,píng guǒ - 苹果 (사과)
241,JA,りんご,りんご(ringo) - りんご (사과)
241,KO,사과,흔한 과일. '사과(apology)'와 동음. sagwa
242,EN,Banana,Long yellow fruit
242,ES,Plátano,Fruta larga y amarilla
242,ZH,香蕉,xiāng jiāo - 香蕉 (바나나)
242,JA,バナナ,バナナ(banana) - バナナ (바나나)
242,KO,바나나,긴 노란색 과일. 외래어. banana
243,EN,Grape,Small round fruit in clusters
243,ES,Uva,Fruta pequeña y redonda en racimos
243,ZH,葡萄,pú tao - 葡萄 (포도)
243,JA,ぶどう,ぶどう(budō) - ぶどう (포도)
243,KO,포도,송이로 열리는 작고 둥근 과일. podo
244,EN,Big watermelon,Phrase: adjective + fruit
244,ES,Sandía grande,Frase: fruta + adjetivo
244,ZH,大西瓜,dà xī guā - 大+西瓜 (큰+수박)
244,JA,大きいスイカ,おおきいスイカ(ōkii suika) - 大きい+スイカ (큰+수박)
244,KO,큰 수박,크기+과일 패턴. keun subak
245,EN,Red strawberry,Phrase: color + fruit
245,ES,Fresa roja,Frase: fruta + color
245,ZH,红草莓,hóng cǎo méi - 红+草莓 (빨간+딸기)
245,JA,赤いイチゴ,あかいイチゴ(akai ichigo) - 赤い+イチゴ (빨간+딸기)
245,KO,빨간 딸기,색상+과일 패턴. 빨갛다→빨간(관형형). ppalgan ttalgi
246,EN,"An apple, please",Request phrase
246,ES,"Una manzana, por favor",Frase de solicitud
246,ZH,请给我苹果,qǐng gěi wǒ píng guǒ - 请+给我+苹果 (주세요+사과)
246,JA,りんごをください,りんごをください(ringo o kudasai) - りんご+を+ください
246,KO,사과 주세요,명사+주세요 패턴. 정중한 요청. sagwa juseyo
247,EN,A lot of fruit,Phrase: noun + adjective
247,ES,Mucha fruta,Frase: sustantivo + adjetivo
247,ZH,水果很多,shuǐ guǒ hěn duō - 水果+很+多 (과일+많다)
247,JA,果物が多い,くだものがおおい(kudamono ga ōi) - 果物+が+多い
247,KO,과일 많다,명사+형용사 패턴. gwail manta
248,EN,There are tomatoes,Existence sentence
248,ES,Hay tomates,Oración de existencia
248,ZH,有番茄,yǒu fān qié - 有+番茄 (있다+토마토)
248,JA,トマトがあります,トマトがあります(tomato ga arimasu)
248,KO,토마토가 있습니다,명사+가+있습니다 패턴. tomatoga itsseumnida
249,EN,Carrots are good,Subject + adjective sentence
249,ES,Las zanahorias son buenas,Oración: sujeto + adjetivo
249,ZH,胡萝卜很好,hú luó bo hěn hǎo - 胡萝卜+很+好 (당근+좋다)
249,JA,にんじんがいいです,にんじんがいいです(ninjin ga ii desu)
249,KO,당근이 좋습니다,명사+이+형용사 패턴. danggeuni jotseumnida
250,EN,This is a potato,Subject + be + noun sentence
250,ES,Esto es una patata,Oración: sujeto + ser + sustantivo
250,ZH,这是土豆,zhè shì tǔ dòu - 这+是+土豆 (이것+은+감자)
250,JA,これはじゃがいもです,これはじゃがいもです(kore wa jagaimo desu)
250,KO,이것은 감자입니다,이것+은+명사+입니다 패턴. igoseun gamjaimnida
251,EN,Coffee,Hot beverage made from roasted beans
251,ES,Café,Bebida caliente hecha de granos tostados
251,ZH,咖啡,kā fēi - 咖啡 (커피)
251,JA,コーヒー,コーヒー(kōhī) - コーヒー (커피)
251,KO,커피,원두로 만든 음료. 외래어. keopi
252,EN,Juice,Drink made from fruit
252,ES,Jugo,Bebida hecha de frutas
252,ZH,果汁,guǒ zhī - 果汁 (주스)
252,JA,ジュース,ジュース(jūsu) - ジュース (주스)
252,KO,주스,과일로 만든 음료. 외래어. juseu
253,EN,Cake,Sweet baked dessert
253,ES,Pastel,Postre dulce horneado
253,ZH,蛋糕,dàn gāo - 蛋糕 (케이크)
253,JA,ケーキ,ケーキ(kēki) - ケーキ (케이크)
253,KO,케이크,달콤한 구운 디저트. 외래어. keikeu
254,EN,One cup of coffee,Phrase: noun + counter
254,ES,Una taza de café,Frase: sustantivo + contador
254,ZH,一杯咖啡,yì bēi kā fēi - 一+杯+咖啡 (한+잔+커피)
254,JA,コーヒー一杯,コーヒーいっぱい(kōhī ippai) - コーヒー+一杯 (커피+한 잔)
254,KO,커피 한 잔,명사+수량+단위 패턴. '잔'은 음료 단위. keopi han jan
255,EN,"Tea, please",Request phrase
255,ES,"Té, por favor",Frase de solicitud
255,ZH,请给我茶,qǐng gěi wǒ chá - 请+给我+茶 (주세요+차)
255,JA,お茶をください,おちゃをください(ocha o kudasai) - お茶+を+ください
255,KO,차 주세요,명사+주세요 패턴. cha juseyo
256,EN,Sweet cookie,Phrase: adjective + noun
256,ES,Galleta dulce,Frase: sustantivo + adjetivo
256,ZH,甜饼干,tián bǐng gān - 甜+饼干 (달콤한+쿠키)
256,JA,甘いクッキー,あまいクッキー(amai kukkī) - 甘い+クッキー (달콤한+쿠키)
256,KO,달콤한 쿠키,맛+간식 패턴. 달콤하다→달콤한. dalkomhan kuki
257,EN,Cold juice,Phrase: adjective + noun
257,ES,Jugo frío,Frase: sustantivo + adjetivo
257,ZH,冷果汁,lěng guǒ zhī - 冷+果汁 (차가운+주스)
257,JA,冷たいジュース,つめたいジュース(tsumetai jūsu) - 冷たい+ジュース
257,KO,차가운 주스,온도+음료 패턴. 차갑다→차가운. chagaun juseu
258,EN,Coffee is good,Subject + adjective sentence
258,ES,El café es bueno,Oración: sujeto + adjetivo
258,ZH,咖啡很好,kā fēi hěn hǎo - 咖啡+很+好 (커피+좋다)
258,JA,コーヒーがいいです,コーヒーがいいです(kōhī ga ii desu)
258,KO,커피가 좋습니다,명사+가+형용사 패턴. keopiga jotseumnida
259,EN,Ice cream is sweet,Subject + adjective sentence
259,ES,El helado es dulce,Oración: sujeto + adjetivo
259,ZH,冰淇淋很甜,bīng qí lín hěn tián - 冰淇淋+很+甜 (아이스크림+달다)
259,JA,アイスクリームは甘い,アイスクリームはあまい(aisukurīmu wa amai)
259,KO,아이스크림이 달다,명사+이+형용사 패턴. aiseukeurimi dalda
260,EN,"Water, please",Request phrase
260,ES,"Agua, por favor",Frase de solicitud
260,ZH,请给我水,qǐng gěi wǒ shuǐ - 请+给我+水 (주세요+물)
260,JA,水をください,みずをください(mizu o kudasai) - 水+を+ください
260,KO,물 주세요,명사+주세요 패턴. 가장 기본적인 요청. mul juseyo
261,EN,Lunch,Midday meal
261,ES,Almuerzo,Comida del mediodía
261,ZH,午饭,wǔ fàn - 午饭 (점심)
261,JA,昼ご飯,ひるごはん(hirugohan) - 昼ご飯 (점심)
261,KO,점심,낮에 먹는 식사. jeomsim
262,EN,Menu,List of food and drinks
262,ES,Menú,Lista de comidas y bebidas
262,ZH,菜单,cài dān - 菜单 (메뉴)
262,JA,メニュー,メニュー(menyū) - メニュー (메뉴)
262,KO,메뉴,음식과 음료의 목록. 외래어. menyu
263,EN,Spoon,Utensil for eating liquid food
263,ES,Cuchara,Utensilio para comer alimentos líquidos
263,ZH,勺子,sháo zi - 勺子 (숟가락)
263,JA,スプーン,スプーン(supūn) - スプーン (숟가락)
263,KO,숟가락,국이나 밥을 먹는 도구. sutgarak
264,EN,"Breakfast, please",Request phrase
264,ES,"Desayuno, por favor",Frase de solicitud
264,ZH,请给我早餐,qǐng gěi wǒ zǎo cān - 请+给我+早餐 (주세요+아침식사)
264,JA,朝食をお願いします,ちょうしょくをおねがいします(chōshoku o onegai shimasu)
264,KO,아침식사 주세요,명사+주세요 패턴. achimshiksa juseyo
265,EN,"Chopsticks, please",Request phrase
265,ES,"Palillos, por favor",Frase de solicitud
265,ZH,请给我筷子,qǐng gěi wǒ kuài zi - 请+给我+筷子 (주세요+젓가락)
265,JA,お箸をください,おはしをください(ohashi o kudasai) - お箸+を+ください
265,KO,젓가락 주세요,명사+주세요 패턴. jeotgarak juseyo
266,EN,One cup,Phrase: noun + number
266,ES,Una taza,Frase: sustantivo + número
266,ZH,一个杯子,yí ge bēi zi - 一+个+杯子 (하나+개+컵)
266,JA,コップ一つ,コップひとつ(koppu hitotsu) - コップ+一つ (컵+하나)
266,KO,컵 하나,명사+숫자 패턴. keop hana
267,EN,"Menu, please",Request phrase
267,ES,"El menú, por favor",Frase de solicitud
267,ZH,请给我菜单,qǐng gěi wǒ cài dān - 请+给我+菜单 (주세요+메뉴)
267,JA,メニューをください,メニューをください(menyū o kudasai)
267,KO,메뉴 주세요,명사+주세요 패턴. 식당에서 자주 사용. menyu juseyo
268,EN,There is rice,Existence sentence
268,ES,Hay arroz,Oración de existencia
268,ZH,有米饭,yǒu mǐ fàn - 有+米饭 (있다+밥)
268,JA,ご飯があります,ごはんがあります(gohan ga arimasu)
268,KO,밥이 있습니다,명사+이+있습니다 패턴. babi itsseumnida
269,EN,The soup is hot,Subject + adjective sentence
269,ES,La sopa está caliente,Oración: sujeto + adjetivo
269,ZH,汤很热,tāng hěn rè - 汤+很+热 (국+뜨겁다)
269,JA,スープが熱いです,スープがあついです(sūpu ga atsui desu)
269,KO,국이 뜨겁습니다,명사+이+형용사 패턴. gugi tteugeopseumnida
270,EN,The plate is big,Subject + adjective sentence
270,ES,El plato es grande,Oración: sujeto + adjetivo
270,ZH,盘子很大,pán zi hěn dà - 盘子+很+大 (접시+크다)
270,JA,お皿が大きいです,おさらがおおきいです(osara ga ōkii desu)
270,KO,접시가 큽니다,명사+가+형용사 패턴. jeopsiga keumnida
271,EN,Delicious,Adjective meaning tasty
271,ES,Delicioso,Adjetivo que significa sabroso
271,ZH,好吃,hǎo chī - 好吃 (맛있다)
271,JA,おいしい,おいしい(oishii) - おいしい (맛있다)
271,KO,맛있다,맛 형용사. 음식이 좋은 맛임. masitda
272,EN,Spicy,Adjective meaning hot/peppery
272,ES,Picante,Adjetivo que significa picante
272,ZH,辣,"là - 形容词，辣 (형용사, 매운)"
272,JA,辛い,からい(karai) - 辛い (매운)
272,KO,맵다,맛 형용사. 고추 같은 맛. maepda
273,EN,Bland,Adjective meaning not salty enough
273,ES,Insípido,Adjetivo que significa sin suficiente sal
273,ZH,淡,"dàn - 形容词，淡 (형용사, 싱거운)"
273,JA,薄味,うすあじ(usuaji) - 味が薄い (싱겁다)
273,KO,싱겁다,맛 형용사. 간이 약함. 반대말: 짜다. singgeopda
274,EN,Delicious rice,Phrase: adjective + noun
274,ES,Arroz delicioso,Frase: sustantivo + adjetivo
274,ZH,好吃的饭,hǎo chī de fàn - 好吃的+饭 (맛있는+밥)
274,JA,おいしいご飯,おいしいごはん(oishii gohan) - おいしい+ご飯
274,KO,맛있는 밥,관형사형+명사. 맛있다→맛있는. masinneun bap
275,EN,Spicy soup,Phrase: adjective + noun
275,ES,Sopa picante,Frase: sustantivo + adjetivo
275,ZH,辣汤,là tāng - 辣+汤 (매운+국)
275,JA,辛いスープ,からいスープ(karai sūpu) - 辛い+スープ
275,KO,매운 국,관형사형+명사. 맵다→매운. maeun guk
276,EN,Sweet fruit,Phrase: adjective + noun
276,ES,Fruta dulce,Frase: sustantivo + adjetivo
276,ZH,甜水果,tián shuǐ guǒ - 甜+水果 (달콤한+과일)
276,JA,甘い果物,あまいくだもの(amai kudamono) - 甘い+果物
276,KO,달콤한 과일,관형사형+명사. 달콤하다→달콤한. dalkomhan gwail
277,EN,Fresh vegetables,Phrase: adjective + noun
277,ES,Verduras frescas,Frase: sustantivo + adjetivo
277,ZH,新鲜蔬菜,xīn xiān shū cài - 新鲜+蔬菜 (신선한+채소)
277,JA,新鮮な野菜,しんせんなやさい(shinsen na yasai) - 新鮮な+野菜
277,KO,신선한 채소,관형사형+명사. 신선하다→신선한. sinseonhan chaeso
278,EN,The meat is delicious,Subject + adjective sentence
278,ES,La carne es deliciosa,Oración: sujeto + adjetivo
278,ZH,肉很好吃,ròu hěn hǎo chī - 肉+很+好吃 (고기+맛있다)
278,JA,肉がおいしいです,にくがおいしいです(niku ga oishii desu)
278,KO,고기가 맛있습니다,명사+가+형용사 패턴. gogiga masitseumnida
279,EN,The bread is soft,Subject + adjective sentence
279,ES,El pan es suave,Oración: sujeto + adjetivo
279,ZH,面包很软,miàn bāo hěn ruǎn - 面包+很+软 (빵+부드럽다)
279,JA,パンが柔らかいです,パンがやわらかいです(pan ga yawarakai desu)
279,KO,빵이 부드럽습니다,명사+이+형용사 패턴. ppangi budeureopseumnida
280,EN,This is salty,Subject + adjective sentence
280,ES,Esto es salado,Oración: sujeto + adjetivo
280,ZH,这个很咸,zhè ge hěn xián - 这个+很+咸 (이것+짜다)
280,JA,これはしょっぱいです,これはしょっぱいです(kore wa shoppai desu)
280,KO,이것은 짭니다,이것+은+형용사 패턴. 짜다→짭니다(격식). igoseun jjamnida
281,EN,Teacher,Person who teaches at school
281,ES,Profesor,Persona que enseña en la escuela
281,ZH,老师,lǎo shī - 老师 (선생님)
281,JA,先生,せんせい(sensei) - 先生 (선생님)
281,KO,선생님,가르치는 사람. 존칭 '님' 포함. seonsaengnim
282,EN,Doctor,Person who treats sick people
282,ES,Doctor,Persona que trata a los enfermos
282,ZH,医生,yī shēng - 医生 (의사)
282,JA,医者,いしゃ(isha) - 医者 (의사)
282,KO,의사,아픈 사람을 치료하는 사람. uisa
283,EN,Good teacher,Phrase: adjective + noun
283,ES,Buen profesor,Frase: adjetivo + sustantivo
283,ZH,好老师,hǎo lǎo shī - 好+老师 (좋은+선생님)
283,JA,いい先生,いいせんせい(ii sensei) - いい+先生 (좋은+선생님)
283,KO,좋은 선생님,관형사형+명사 패턴. joeun seonsaengnim
284,EN,Our doctor,Phrase: possessive + noun
284,ES,Nuestro doctor,Frase: posesivo + sustantivo
284,ZH,我们的医生,wǒ men de yī shēng - 我们的+医生 (우리+의사)
284,JA,私たちの医者,わたしたちのいしゃ(watashitachi no isha)
284,KO,우리 의사,소유격+명사 패턴. uri uisa
285,EN,Many students,Phrase: noun + adjective
285,ES,Muchos estudiantes,Frase: adjetivo + sustantivo
285,ZH,学生很多,xué shēng hěn duō - 学生+很+多 (학생+많다)
285,JA,学生が多い,がくせいがおおい(gakusei ga ōi)
285,KO,학생 많다,명사+형용사 패턴. haksaeng manta
286,EN,I am a student,Subject + be + noun sentence
286,ES,Soy estudiante,Oración: sujeto + ser + sustantivo
286,ZH,我是学生,wǒ shì xué shēng - 我+是+学生 (나+는+학생)
286,JA,私は学生です,わたしはがくせいです(watashi wa gakusei desu)
286,KO,나는 학생입니다,주어+는+명사+입니다 패턴. naneun haksaengimnida
287,EN,She is a nurse,Subject + be + noun sentence
287,ES,Ella es enfermera,Oración: sujeto + ser + sustantivo
287,ZH,她是护士,tā shì hù shi - 她+是+护士 (그녀+는+간호사)
287,JA,彼女は看護師です,かのじょはかんごしです(kanojo wa kangoshi desu)
287,KO,그녀는 간호사입니다,주어+는+명사+입니다 패턴. geunyeoneun ganhosaimnida
288,EN,Dad is an office worker,Subject + be + noun sentence
288,ES,Papá es oficinista,Oración: sujeto + ser + sustantivo
288,ZH,爸爸是公司职员,bà ba shì gōng sī zhí yuán - 爸爸+是+公司职员
288,JA,お父さんは会社員です,おとうさんはかいしゃいんです(otōsan wa kaishain desu)
288,KO,아빠는 회사원입니다,주어+는+명사+입니다 패턴. appaneun hoesawonimnida
289,EN,He is a cook,Subject + be + noun sentence
289,ES,Él es cocinero,Oración: sujeto + ser + sustantivo
289,ZH,他是厨师,tā shì chú shī - 他+是+厨师 (그+는+요리사)
289,JA,彼は料理人です,かれはりょうりにんです(kare wa ryōrinin desu)
289,KO,그는 요리사입니다,주어+는+명사+입니다 패턴. geuneun yorisaimnida
290,EN,Our mom is a teacher at school,Extended sentence with location
290,ES,Nuestra mamá es profesora en la escuela,Oración extendida con lugar
290,ZH,我们妈妈在学校是老师,wǒ men mā ma zài xué xiào shì lǎo shī
290,JA,お母さんは学校で先生です,おかあさんはがっこうでせんせいです(okāsan wa gakkō de sensei desu)
290,KO,우리 엄마는 학교에서 선생님입니다,주어+는+장소에서+명사+입니다. 확장 단문. uri eommaneun hakgyoeseo seonsaengnimimnida
291,EN,Class,A lesson or course
291,ES,Clase,Una lección o curso
291,ZH,课,kè - 课，上课 (수업)
291,JA,授業,じゅぎょう(jugyō) - 授業 (수업)
291,KO,수업,학교에서 배우는 시간. sueop
292,EN,Homework,School work done at home
292,ES,Tarea,Trabajo escolar hecho en casa
292,ZH,作业,zuò yè - 作业 (숙제)
292,JA,宿題,しゅくだい(shukudai) - 宿題 (숙제)
292,KO,숙제,집에서 하는 학교 과제. sukje
293,EN,Difficult homework,Phrase: adjective + noun
293,ES,Tarea difícil,Frase: sustantivo + adjetivo
293,ZH,难的作业,nán de zuò yè - 难的+作业 (어려운+숙제)
293,JA,難しい宿題,むずかしいしゅくだい(muzukashii shukudai)
293,KO,어려운 숙제,관형사형+명사. 어렵다→어려운. eoryeoun sukje
294,EN,Big classroom,Phrase: adjective + noun
294,ES,Aula grande,Frase: sustantivo + adjetivo
294,ZH,大教室,dà jiào shì - 大+教室 (큰+교실)
294,JA,大きい教室,おおきいきょうしつ(ōkii kyōshitsu)
294,KO,큰 교실,크기+장소 패턴. keun gyosil
295,EN,My textbook,Phrase: possessive + noun
295,ES,Mi libro de texto,Frase: posesivo + sustantivo
295,ZH,我的课本,wǒ de kè běn - 我的+课本 (나의+교과서)
295,JA,私の教科書,わたしのきょうかしょ(watashi no kyōkasho)
295,KO,내 교과서,소유격+명사 패턴. nae gyogwaseo
296,EN,There is a class,Existence sentence
296,ES,Hay clase,Oración de existencia
296,ZH,有课,yǒu kè - 有+课 (있다+수업)
296,JA,授業があります,じゅぎょうがあります(jugyō ga arimasu)
296,KO,수업이 있습니다,명사+이+있습니다 패턴. sueobi itsseumnida
297,EN,The exam is difficult,Subject + adjective sentence
297,ES,El examen es difícil,Oración: sujeto + adjetivo
297,ZH,考试很难,kǎo shì hěn nán - 考试+很+难 (시험+어렵다)
297,JA,試験が難しいです,しけんがむずかしいです(shiken ga muzukashii desu)
297,KO,시험이 어렵습니다,명사+이+형용사 패턴. siheomi eoryeopseumnida
298,EN,The blackboard is big,Subject + adjective sentence
298,ES,La pizarra es grande,Oración: sujeto + adjetivo
298,ZH,黑板很大,hēi bǎn hěn dà - 黑板+很+大 (칠판+크다)
298,JA,黒板が大きいです,こくばんがおおきいです(kokuban ga ōkii desu)
298,KO,칠판이 큽니다,명사+이+형용사 패턴. chilpani keumnida
299,EN,Studying is good,Subject + adjective sentence
299,ES,Estudiar es bueno,Oración: sujeto + adjetivo
299,ZH,学习很好,xué xí hěn hǎo - 学习+很+好 (공부+좋다)
299,JA,勉強がいいです,べんきょうがいいです(benkyō ga ii desu)
299,KO,공부가 좋습니다,명사+가+형용사 패턴. gongbuga jotseumnida
300,EN,I study at school today,Extended sentence with time and place
300,ES,Hoy estudio en la escuela,Oración extendida con tiempo y lugar
300,ZH,我今天在学校学习,wǒ jīn tiān zài xué xiào xué xí
300,JA,私は今日学校で勉強します,わたしはきょうがっこうでべんきょうします(watashi wa kyō gakkō de benkyō shimasu)
300,KO,나는 오늘 학교에서 공부합니다,주어+시간+장소에서+동사 패턴. 확장 단문. naneun oneul hakgyoeseo gongbuhamnida
301,EN,Office,Place where people work
301,ES,Oficina,Lugar donde la gente trabaja
301,ZH,办公室,bàn gōng shì - 办公室 (사무실)
301,JA,オフィス,オフィス(ofisu) - オフィス (사무실)
301,KO,사무실,업무를 보는 곳. samusil
302,EN,Big desk,Phrase: adjective + noun
302,ES,Escritorio grande,Frase: sustantivo + adjetivo
302,ZH,大桌子,dà zhuō zi - 大+桌子 (큰+책상)
302,JA,大きい机,おおきいつくえ(ōkii tsukue) - 大きい+机
302,KO,큰 책상,크기+가구 패턴. keun chaeksang
303,EN,My computer,Phrase: possessive + noun
303,ES,Mi computadora,Frase: posesivo + sustantivo
303,ZH,我的电脑,wǒ de diàn nǎo - 我的+电脑 (나의+컴퓨터)
303,JA,私のパソコン,わたしのパソコン(watashi no pasokon)
303,KO,내 컴퓨터,소유격+명사 패턴. nae keompyuteo
304,EN,Meeting today,Phrase: time + noun
304,ES,Reunión hoy,Frase: sustantivo + tiempo
304,ZH,今天开会,jīn tiān kāi huì - 今天+开会 (오늘+회의)
304,JA,今日の会議,きょうのかいぎ(kyō no kaigi) - 今日+の+会議
304,KO,오늘 회의,시간+명사 패턴. oneul hoeui
305,EN,There is a phone call,Existence sentence
305,ES,Hay una llamada,Oración de existencia
305,ZH,有电话,yǒu diàn huà - 有+电话 (있다+전화)
305,JA,電話があります,でんわがあります(denwa ga arimasu)
305,KO,전화가 있습니다,명사+가+있습니다 패턴. jeonhwaga itsseumnida
306,EN,I read email,Subject + verb sentence
306,ES,Leo el correo electrónico,Oración: sujeto + verbo
306,ZH,读邮件,dú yóu jiàn - 读+邮件 (읽다+이메일)
306,JA,メールを読みます,メールをよみます(mēru o yomimasu)
306,KO,이메일을 읽습니다,명사+을+동사 패턴. imeireul ikseumnida
307,EN,There is a lot of work,Subject + adjective sentence
307,ES,Hay mucho trabajo,Oración: sujeto + adjetivo
307,ZH,工作很多,gōng zuò hěn duō - 工作+很+多 (일+많다)
307,JA,仕事が多いです,しごとがおおいです(shigoto ga ōi desu)
307,KO,일이 많습니다,명사+이+형용사 패턴. iri manseumnida
308,EN,There are no documents,Non-existence sentence
308,ES,No hay documentos,Oración de no existencia
308,ZH,没有文件,méi yǒu wén jiàn - 没有+文件 (없다+서류)
308,JA,書類がありません,しょるいがありません(shorui ga arimasen)
308,KO,서류가 없습니다,명사+가+없습니다 패턴. seoryuga eopsseumnida
309,EN,There is a printer,Existence sentence
309,ES,Hay una impresora,Oración de existencia
309,ZH,有打印机,yǒu dǎ yìn jī - 有+打印机 (있다+프린터)
309,JA,プリンターがあります,プリンターがあります(purintā ga arimasu)
309,KO,프린터가 있습니다,명사+가+있습니다 패턴. peurinteoga itsseumnida
310,EN,He goes to the office every morning,Extended sentence with time
310,ES,Él va a la oficina cada mañana,Oración extendida con tiempo
310,ZH,他每天早上去办公室,tā měi tiān zǎo shang qù bàn gōng shì
310,JA,彼は毎朝オフィスに行きます,かれはまいあさオフィスにいきます(kare wa maiasa ofisu ni ikimasu)
310,KO,그는 매일 아침 사무실에 갑니다,주어+빈도+시간+장소에+동사 패턴. 확장 단문. geuneun maeil achim samusire gamnida
311,EN,Music,Art of sound and rhythm
311,ES,Música,Arte del sonido y ritmo
311,ZH,音乐,yīn yuè - 音乐 (음악)
311,JA,音楽,おんがく(ongaku) - 音楽 (음악)
311,KO,음악,소리와 리듬의 예술. eumak
312,EN,Good music,Phrase: adjective + noun
312,ES,Buena música,Frase: adjetivo + sustantivo
312,ZH,好音乐,hǎo yīn yuè - 好+音乐 (좋은+음악)
312,JA,いい音楽,いいおんがく(ii ongaku) - いい+音楽
312,KO,좋은 음악,관형사형+명사 패턴. joeun eumak
313,EN,Fun movie,Phrase: adjective + noun
313,ES,Película divertida,Frase: sustantivo + adjetivo
313,ZH,有趣的电影,yǒu qù de diàn yǐng - 有趣的+电影 (재미있는+영화)
313,JA,面白い映画,おもしろいえいが(omoshiroi eiga) - 面白い+映画
313,KO,재미있는 영화,관형사형+명사. 재미있다→재미있는. jaemiinneun yeonghwa
314,EN,My photo,Phrase: possessive + noun
314,ES,Mi foto,Frase: posesivo + sustantivo
314,ZH,我的照片,wǒ de zhào piàn - 我的+照片 (나의+사진)
314,JA,私の写真,わたしのしゃしん(watashi no shashin)
314,KO,내 사진,소유격+명사 패턴. nae sajin
315,EN,I like exercise,Subject + verb + object sentence
315,ES,Me gusta el ejercicio,Oración: sujeto + verbo + objeto
315,ZH,我喜欢运动,wǒ xǐ huān yùn dòng - 我+喜欢+运动
315,JA,私は運動が好きです,わたしはうんどうがすきです(watashi wa undō ga suki desu)
315,KO,나는 운동을 좋아합니다,주어+목적어+을+동사 패턴. naneun undongeul joahamnida
316,EN,Movies are good,Subject + adjective sentence
316,ES,Las películas son buenas,Oración: sujeto + adjetivo
316,ZH,电影很好,diàn yǐng hěn hǎo - 电影+很+好 (영화+좋다)
316,JA,映画がいいです,えいががいいです(eiga ga ii desu)
316,KO,영화가 좋습니다,명사+가+형용사 패턴. yeonghwaga jotseumnida
317,EN,Cooking is fun,Subject + adjective sentence
317,ES,Cocinar es divertido,Oración: sujeto + adjetivo
317,ZH,做菜很有趣,zuò cài hěn yǒu qù - 做菜+很+有趣 (요리+재미있다)
317,JA,料理が面白いです,りょうりがおもしろいです(ryōri ga omoshiroi desu)
317,KO,요리가 재미있습니다,명사+가+형용사 패턴. yoriga jaemiitsseumnida
318,EN,I like reading,Object + verb sentence
318,ES,Me gusta leer,Oración: verbo + objeto
318,ZH,喜欢读书,xǐ huān dú shū - 喜欢+读书 (좋아하다+독서)
318,JA,読書が好きです,どくしょがすきです(dokusho ga suki desu)
318,KO,독서를 좋아합니다,명사+를+동사 패턴. dokseoreul joahamnida
319,EN,Songs are good,Subject + adjective sentence
319,ES,Las canciones son buenas,Oración: sujeto + adjetivo
319,ZH,歌曲很好,gē qǔ hěn hǎo - 歌曲+很+好 (노래+좋다)
319,JA,歌がいいです,うたがいいです(uta ga ii desu)
319,KO,노래가 좋습니다,명사+가+형용사 패턴. noraega jotseumnida
320,EN,I exercise at the park on weekends,Extended sentence with time and place
320,ES,Hago ejercicio en el parque los fines de semana,Oración extendida
320,ZH,我周末在公园运动,wǒ zhōu mò zài gōng yuán yùn dòng
320,JA,私は週末に公園で運動します,わたしはしゅうまつにこうえんでうんどうします(watashi wa shūmatsu ni kōen de undō shimasu)
320,KO,나는 주말에 공원에서 운동합니다,주어+시간에+장소에서+동사 패턴. 확장 단문. naneun jumare gongwoneseo undonghamnida
321,EN,Inside,Location word meaning within
321,ES,Dentro,Palabra de ubicación que significa adentro
321,ZH,里面,lǐ miàn - 里面 (안에)
321,JA,中に,なかに(naka ni) - 中に (안에)
321,KO,안에,위치 조사. 내부를 나타냄. ane
322,EN,Next to,Location word meaning beside
322,ES,Al lado de,Palabra de ubicación que significa al lado
322,ZH,旁边,páng biān - 旁边 (옆에)
322,JA,隣に,となりに(tonari ni) - 隣に (옆에)
322,KO,옆에,위치 조사. 바로 곁을 나타냄. yeope
323,EN,On the table,Phrase: noun + location
323,ES,Sobre la mesa,Frase: sustantivo + ubicación
323,ZH,桌子上面,zhuō zi shàng miàn - 桌子+上面 (탁자+위에)
323,JA,テーブルの上に,テーブルのうえに(tēburu no ue ni)
323,KO,탁자 위에,명사+위에 패턴. 위치 표현. takja wie
324,EN,Under the chair,Phrase: noun + location
324,ES,Debajo de la silla,Frase: sustantivo + ubicación
324,ZH,椅子下面,yǐ zi xià miàn - 椅子+下面 (의자+아래에)
324,JA,椅子の下に,いすのしたに(isu no shita ni)
324,KO,의자 아래에,명사+아래에 패턴. 위치 표현. uija arae
325,EN,In front of the door,Phrase: noun + location
325,ES,Frente a la puerta,Frase: sustantivo + ubicación
325,ZH,门前面,mén qián miàn - 门+前面 (문+앞에)
325,JA,ドアの前に,ドアのまえに(doa no mae ni)
325,KO,문 앞에,명사+앞에 패턴. 위치 표현. mun ape
326,EN,There is a book,Existence sentence
326,ES,Hay un libro,Oración de existencia
326,ZH,有书,yǒu shū - 有+书 (있다+책)
326,JA,本があります,ほんがあります(hon ga arimasu)
326,KO,책이 있습니다,명사+이+있습니다 패턴. chaegi itsseumnida
327,EN,The bag is here,Subject + location + exist sentence
327,ES,La bolsa está aquí,Oración: sujeto + ubicación + estar
327,ZH,包在这里,bāo zài zhè lǐ - 包+在+这里 (가방+여기에+있다)
327,JA,カバンはここにあります,カバンはここにあります(kaban wa koko ni arimasu)
327,KO,가방은 여기 있습니다,명사+은+장소+있습니다 패턴. gabangeun yeogi itsseumnida
328,EN,The cat is outside,Subject + location + exist sentence
328,ES,El gato está afuera,Oración: sujeto + ubicación + estar
328,ZH,猫在外面,māo zài wài miàn - 猫+在+外面 (고양이+밖에+있다)
328,JA,猫が外にいます,ねこがそとにいます(neko ga soto ni imasu)
328,KO,고양이가 밖에 있습니다,명사+가+장소에+있습니다 패턴. goyangiga bakke itsseumnida
329,EN,The dog is inside the house,Subject + location + exist sentence
329,ES,El perro está dentro de la casa,Oración con ubicación
329,ZH,狗在家里面,gǒu zài jiā lǐ miàn - 狗+在+家+里面
329,JA,犬が家の中にいます,いぬがいえのなかにいます(inu ga ie no naka ni imasu)
329,KO,개가 집 안에 있습니다,명사+가+장소+안에+있습니다 패턴. gaega jip ane itsseumnida
330,EN,The key is on the table,Subject + location + exist sentence
330,ES,La llave está sobre la mesa,Oración con ubicación
330,ZH,钥匙在桌子上面,yào shi zài zhuō zi shàng miàn
330,JA,鍵はテーブルの上にあります,かぎはテーブルのうえにあります(kagi wa tēburu no ue ni arimasu)
330,KO,열쇠는 탁자 위에 있습니다,명사+는+장소+위에+있습니다 패턴. yeolsoeneun takja wie itsseumnida
331,EN,Left,Direction word
331,ES,Izquierda,Palabra de dirección
331,ZH,左边,zuǒ biān - 左边 (왼쪽)
331,JA,左,ひだり(hidari) - 左 (왼쪽)
331,KO,왼쪽,방향 단어. 오른쪽의 반대. oenjjok
332,EN,Right,Direction word
332,ES,Derecha,Palabra de dirección
332,ZH,右边,yòu biān - 右边 (오른쪽)
332,JA,右,みぎ(migi) - 右 (오른쪽)
332,KO,오른쪽,방향 단어. 왼쪽의 반대. oreunjjok
333,EN,"This way, please",Polite direction request
333,ES,"Por aquí, por favor",Solicitud cortés de dirección
333,ZH,请往这边,qǐng wǎng zhè biān - 请+往+这边 (이쪽으로+주세요)
333,JA,こちらへお願いします,こちらへおねがいします(kochira e onegai shimasu)
333,KO,이쪽으로 주세요,방향+으로+주세요 패턴. ijjogeuro juseyo
334,EN,Door on the left,Phrase: direction + noun
334,ES,Puerta a la izquierda,Frase: dirección + sustantivo
334,ZH,左边的门,zuǒ biān de mén - 左边的+门 (왼쪽+문)
334,JA,左のドア,ひだりのドア(hidari no doa) - 左+の+ドア
334,KO,왼쪽에 문,방향+에+명사 패턴. oenjjoge mun
335,EN,"That way, please",Polite direction phrase
335,ES,"Por allá, por favor",Frase cortés de dirección
335,ZH,请往那边,qǐng wǎng nà biān - 请+往+那边 (저쪽으로)
335,JA,あちらへどうぞ,あちらへどうぞ(achira e dōzo)
335,KO,저쪽으로요,방향+으로+요 패턴. jeojjogeuroyo
336,EN,The school is over there,Subject + location + exist sentence
336,ES,La escuela está allá,Oración con ubicación
336,ZH,学校在那边,xué xiào zài nà biān - 学校+在+那边
336,JA,学校はあそこにあります,がっこうはあそこにあります(gakkō wa asoko ni arimasu)
336,KO,학교가 저기 있습니다,명사+가+장소+있습니다 패턴. hakgyoga jeogi itsseumnida
337,EN,The park is on the right,Subject + direction sentence
337,ES,El parque está a la derecha,Oración con dirección
337,ZH,公园在右边,gōng yuán zài yòu biān - 公园+在+右边
337,JA,公園は右です,こうえんはみぎです(kōen wa migi desu)
337,KO,공원은 오른쪽입니다,명사+은+방향+입니다 패턴. gongwoneun oreunjjogimnida
338,EN,The store is on the left,Subject + direction + exist sentence
338,ES,La tienda está a la izquierda,Oración con dirección
338,ZH,商店在左边,shāng diàn zài zuǒ biān - 商店+在+左边
338,JA,店は左にあります,みせはひだりにあります(mise wa hidari ni arimasu)
338,KO,가게가 왼쪽에 있습니다,명사+가+방향에+있습니다 패턴. gagega oenjjoge itsseumnida
339,EN,Go straight and it's the station,Conditional direction sentence
339,ES,Siga recto y es la estación,Oración con dirección condicional
339,ZH,直走就是车站,zhí zǒu jiù shì chē zhàn - 直走+就是+车站
339,JA,まっすぐ行くと駅です,まっすぐいくとえきです(massugu iku to eki desu)
339,KO,직진하면 역입니다,동사+하면+명사+입니다 패턴. '하면'은 조건. jikjinhamyeon yeogimnida
340,EN,The hospital is in front of the school,Subject + relative location sentence
340,ES,El hospital está frente a la escuela,Oración con ubicación relativa
340,ZH,医院在学校前面,yī yuàn zài xué xiào qián miàn
340,JA,病院は学校の前にあります,びょういんはがっこうのまえにあります(byōin wa gakkō no mae ni arimasu)
340,KO,병원은 학교 앞에 있습니다,명사+은+명사+앞에+있습니다 패턴. byeongwoneun hakgyo ape itsseumnida
341,EN,Close / Near,Adjective meaning short distance
341,ES,Cerca,Adjetivo que significa corta distancia
341,ZH,近,"jìn - 形容词，近 (형용사, 가까운)"
341,JA,近い,ちかい(chikai) - 近い (가까운)
341,KO,가깝다,거리 형용사. 반대말: 멀다. gakkapda
342,EN,Far,Adjective meaning long distance
342,ES,Lejos,Adjetivo que significa larga distancia
342,ZH,远,"yuǎn - 形容词，远 (형용사, 먼)"
342,JA,遠い,とおい(tōi) - 遠い (먼)
342,KO,멀다,거리 형용사. 반대말: 가깝다. meolda
343,EN,Wide park,Phrase: adjective + noun
343,ES,Parque amplio,Frase: sustantivo + adjetivo
343,ZH,宽阔的公园,kuān kuò de gōng yuán - 宽阔的+公园 (넓은+공원)
343,JA,広い公園,ひろいこうえん(hiroi kōen) - 広い+公園
343,KO,넓은 공원,관형사형+명사. 넓다→넓은. neolbeun gongwon
344,EN,Narrow room,Phrase: adjective + noun
344,ES,Habitación estrecha,Frase: sustantivo + adjetivo
344,ZH,狭小的房间,xiá xiǎo de fáng jiān - 狭小的+房间 (좁은+방)
344,JA,狭い部屋,せまいへや(semai heya) - 狭い+部屋
344,KO,좁은 방,관형사형+명사. 좁다→좁은. jobeun bang
345,EN,Light bag,Phrase: adjective + noun
345,ES,Bolsa ligera,Frase: sustantivo + adjetivo
345,ZH,轻的包,qīng de bāo - 轻的+包 (가벼운+가방)
345,JA,軽いカバン,かるいカバン(karui kaban) - 軽い+カバン
345,KO,가벼운 가방,관형사형+명사. 가볍다→가벼운. gabyeoun gabang
346,EN,The school is close,Subject + adjective sentence
346,ES,La escuela está cerca,Oración: sujeto + adjetivo
346,ZH,学校很近,xué xiào hěn jìn - 学校+很+近 (학교+가깝다)
346,JA,学校が近いです,がっこうがちかいです(gakkō ga chikai desu)
346,KO,학교가 가깝습니다,명사+가+형용사 패턴. hakgyoga gakkapseumnida
347,EN,The hospital is far,Subject + adjective sentence
347,ES,El hospital está lejos,Oración: sujeto + adjetivo
347,ZH,医院很远,yī yuàn hěn yuǎn - 医院+很+远 (병원+멀다)
347,JA,病院が遠いです,びょういんがとおいです(byōin ga tōi desu)
347,KO,병원이 멉니다,명사+이+형용사 패턴. 멀다→멉니다(격식). byeongwoni meomnida
348,EN,This room is spacious,Subject + adjective sentence
348,ES,Esta habitación es amplia,Oración: sujeto + adjetivo
348,ZH,这个房间很宽,zhè ge fáng jiān hěn kuān
348,JA,この部屋は広いです,このへやはひろいです(kono heya wa hiroi desu)
348,KO,이 방은 넓습니다,이+명사+은+형용사 패턴. i bangeun neolpseumnida
349,EN,The bag is light,Subject + adjective sentence
349,ES,La bolsa es ligera,Oración: sujeto + adjetivo
349,ZH,包很轻,bāo hěn qīng - 包+很+轻 (가방+가볍다)
349,JA,カバンが軽いです,カバンがかるいです(kaban ga karui desu)
349,KO,가방이 가볍습니다,명사+이+형용사 패턴. gabangi gabyeopseumnida
350,EN,Our house is close to the school,Extended sentence with reference point
350,ES,Nuestra casa está cerca de la escuela,Oración extendida
350,ZH,我们家离学校很近,wǒ men jiā lí xué xiào hěn jìn
350,JA,私たちの家は学校から近いです,わたしたちのいえはがっこうからちかいです(watashitachi no ie wa gakkō kara chikai desu)
350,KO,우리 집은 학교에서 가깝습니다,주어+은+기준점에서+형용사 패턴. 확장 단문. uri jibeun hakgyoeseo gakkapseumnida
351,EN,First / Beginning,Noun meaning the start
351,ES,Primero / Inicio,Sustantivo que significa el comienzo
351,ZH,第一 / 开始,dì yī / kāi shǐ - 第一/开始 (처음)
351,JA,最初,さいしょ(saisho) - 最初 (처음)
351,KO,처음,순서의 맨 앞. 시작을 뜻함. cheoeum
352,EN,Last / End,Noun meaning the end
352,ES,Último / Final,Sustantivo que significa el final
352,ZH,最后,zuì hòu - 最后 (마지막)
352,JA,最後,さいご(saigo) - 最後 (마지막)
352,KO,마지막,순서의 맨 끝. 끝을 뜻함. majimak
353,EN,First room,Phrase: ordinal + noun
353,ES,Primera habitación,Frase: ordinal + sustantivo
353,ZH,第一个房间,dì yī ge fáng jiān - 第一个+房间 (첫 번째+방)
353,JA,最初の部屋,さいしょのへや(saisho no heya) - 最初+の+部屋
353,KO,첫 번째 방,서수+명사 패턴. '첫 번째'는 순서 1. cheot beonjjae bang
354,EN,Next store,Phrase: order + noun
354,ES,Siguiente tienda,Frase: orden + sustantivo
354,ZH,下一个商店,xià yí ge shāng diàn - 下一个+商店 (다음+가게)
354,JA,次の店,つぎのみせ(tsugi no mise) - 次+の+店
354,KO,다음 가게,순서+명사 패턴. '다음'은 그 뒤. daeum gage
355,EN,Second house,Phrase: ordinal + noun
355,ES,Segunda casa,Frase: ordinal + sustantivo
355,ZH,第二个房子,dì èr ge fáng zi - 第二个+房子 (두 번째+집)
355,JA,二番目の家,にばんめのいえ(nibanme no ie) - 二番目+の+家
355,KO,두 번째 집,서수+명사 패턴. du beonjjae jip
356,EN,This is the first,Subject + be + noun sentence
356,ES,Esto es el primero,Oración: sujeto + ser + sustantivo
356,ZH,这是第一个,zhè shì dì yī ge - 这+是+第一个
356,JA,これが最初です,これがさいしょです(kore ga saisho desu)
356,KO,이것이 처음입니다,이것+이+명사+입니다 패턴. igeosi cheoeuminmida
357,EN,That is the last,Subject + be + noun sentence
357,ES,Eso es el último,Oración: sujeto + ser + sustantivo
357,ZH,那是最后一个,nà shì zuì hòu yí ge - 那+是+最后一个
357,JA,あれが最後です,あれがさいごです(are ga saigo desu)
357,KO,저것이 마지막입니다,저것+이+명사+입니다 패턴. jeogeosi majimagimnida
358,EN,Next is here,Subject + be + location sentence
358,ES,El siguiente es aquí,Oración: sujeto + ser + lugar
358,ZH,下一个在这里,xià yí ge zài zhè lǐ - 下一个+在+这里
358,JA,次はここです,つぎはここです(tsugi wa koko desu)
358,KO,다음은 여기입니다,다음+은+장소+입니다 패턴. daeumeun yeogimnida
359,EN,The third one is good,Subject + adjective sentence
359,ES,El tercero es bueno,Oración: sujeto + adjetivo
359,ZH,第三个很好,dì sān ge hěn hǎo - 第三个+很+好
359,JA,三番目がいいです,さんばんめがいいです(sanbanme ga ii desu)
359,KO,세 번째가 좋습니다,서수+가+형용사 패턴. se beonjjaega jotseumnida
360,EN,The first school is our school,Extended identification sentence
360,ES,La primera escuela es nuestra escuela,Oración extendida de identificación
360,ZH,第一个学校是我们的学校,dì yī ge xué xiào shì wǒ men de xué xiào
360,JA,最初の学校が私たちの学校です,さいしょのがっこうがわたしたちのがっこうです(saisho no gakkō ga watashitachi no gakkō desu)
360,KO,첫 번째 학교가 우리 학교입니다,서수+명사+가+소유+명사+입니다. 확장 단문. cheot beonjjae hakgyoga uri hakgyoimnida
361,EN,What,Interrogative pronoun for things
361,ES,Qué,Pronombre interrogativo para cosas
361,ZH,什么,shén me - 什么 (무엇)
361,JA,何,なに(nani) - 何 (무엇)
361,KO,무엇,의문 대명사. 사물이나 일을 물을 때. mueot
362,EN,Who,Interrogative pronoun for people
362,ES,Quién,Pronombre interrogativo para personas
362,ZH,谁,shuí - 谁 (누구)
362,JA,誰,だれ(dare) - 誰 (누구)
362,KO,누구,의문 대명사. 사람을 물을 때. nugu
363,EN,What is this?,Informal question phrase
363,ES,¿Qué es esto?,Pregunta informal
363,ZH,这是什么？,zhè shì shén me - 这+是+什么？(이것+은+무엇?)
363,JA,これは何？,これはなに(kore wa nani) - これ+は+何？
363,KO,이것은 무엇?,비격식 의문문. 이것+은+무엇 패턴. igoseun mueot?
364,EN,Where is this?,Informal question about location
364,ES,¿Dónde es aquí?,Pregunta informal sobre ubicación
364,ZH,这里是哪里？,zhè lǐ shì nǎ lǐ - 这里+是+哪里？(여기+어디?)
364,JA,ここはどこ？,ここはどこ(koko wa doko) - ここ+は+どこ？
364,KO,여기 어디?,비격식 의문문. 장소를 물음. yeogi eodi?
365,EN,When do you go?,Question about time
365,ES,¿Cuándo vas?,Pregunta sobre tiempo
365,ZH,什么时候去？,shén me shí hou qù - 什么时候+去？(언제+가요?)
365,JA,いつ行きますか？,いついきますか(itsu ikimasu ka) - いつ+行きます+か？
365,KO,언제 가요?,의문사+동사+요 패턴. 해요체. eonje gayo?
366,EN,What is this?,Formal question sentence
366,ES,¿Qué es esto?,Pregunta formal
366,ZH,这是什么？,zhè shì shén me - 这+是+什么？(이것+은+무엇입니까?)
366,JA,これは何ですか？,これはなんですか(kore wa nan desu ka)
366,KO,이것은 무엇입니까?,격식체 의문문. +입니까? 패턴. igoseun mueosimnikka?
367,EN,Where is the school?,Formal question about location
367,ES,¿Dónde está la escuela?,Pregunta formal sobre ubicación
367,ZH,学校在哪里？,xué xiào zài nǎ lǐ - 学校+在+哪里？
367,JA,学校はどこですか？,がっこうはどこですか(gakkō wa doko desu ka)
367,KO,학교는 어디입니까?,명사+는+어디+입니까 패턴. hakgyoneun eodiimnikka?
368,EN,Who is that person?,Formal question about identity
368,ES,¿Quién es esa persona?,Pregunta formal sobre identidad
368,ZH,那个人是谁？,nà ge rén shì shuí - 那个人+是+谁？
368,JA,あの人は誰ですか？,あのひとはだれですか(ano hito wa dare desu ka)
368,KO,저 사람은 누구입니까?,저+명사+은+누구+입니까 패턴. jeo sarameun nuguimnikka?
369,EN,How much is that?,Formal question about price
369,ES,¿Cuánto cuesta eso?,Pregunta formal sobre precio
369,ZH,那个多少钱？,nà ge duō shǎo qián - 那个+多少+钱？
369,JA,それはいくらですか？,それはいくらですか(sore wa ikura desu ka)
369,KO,그것은 얼마입니까?,명사+은+얼마+입니까 패턴. geugoseun eolmaimnikka?
370,EN,What do you eat for dinner today?,Extended formal question
370,ES,¿Qué comes para cenar hoy?,Pregunta formal extendida
370,ZH,今天晚上吃什么？,jīn tiān wǎn shang chī shén me
370,JA,今日の夕食は何を食べますか？,きょうのゆうしょくはなにをたべますか(kyō no yūshoku wa nani o tabemasu ka)
370,KO,오늘 저녁에 무엇을 먹습니까?,시간+에+의문사+을+동사+ㅂ니까 패턴. oneul jeonyeoge mueoseul meokseumnikka?
371,EN,And,Conjunction connecting words or sentences
371,ES,Y,Conjunción que conecta palabras u oraciones
371,ZH,和 / 然后,hé / rán hòu - 和/然后 (그리고)
371,JA,そして,そして(soshite) - そして (그리고)
371,KO,그리고,접속사. 앞뒤 내용을 연결. geurigo
372,EN,Very good,Phrase: adverb + adjective
372,ES,Muy bueno,Frase: adverbio + adjetivo
372,ZH,非常好,fēi cháng hǎo - 非常+好 (매우+좋다)
372,JA,とてもいい,とてもいい(totemo ii) - とても+いい (매우+좋다)
372,KO,매우 좋다,부사+형용사 패턴. '매우'는 정도 부사. maeu jota
373,EN,Really delicious,Phrase: adverb + adjective
373,ES,Realmente delicioso,Frase: adverbio + adjetivo
373,ZH,真的很好吃,zhēn de hěn hǎo chī - 真的+很+好吃 (정말+맛있다)
373,JA,本当においしい,ほんとうにおいしい(hontō ni oishii)
373,KO,정말 맛있다,부사+형용사 패턴. '정말'은 강조 부사. jeongmal masitda
374,EN,Very big,Phrase: adverb + adjective
374,ES,Muy grande,Frase: adverbio + adjetivo
374,ZH,非常大,fēi cháng dà - 非常+大 (아주+크다)
374,JA,とても大きい,とてもおおきい(totemo ōkii)
374,KO,아주 크다,부사+형용사 패턴. '아주'는 정도 부사. aju keuda
375,EN,The rice is very delicious,Subject + adverb + adjective sentence
375,ES,El arroz es muy delicioso,Oración: sujeto + adverbio + adjetivo
375,ZH,饭非常好吃,fàn fēi cháng hǎo chī - 饭+非常+好吃
375,JA,ご飯がとてもおいしいです,ごはんがとてもおいしいです(gohan ga totemo oishii desu)
375,KO,밥이 매우 맛있습니다,명사+이+부사+형용사 패턴. babi maeu masitseumnida
376,EN,The weather is really nice,Subject + adverb + adjective sentence
376,ES,El clima es realmente bueno,Oración con adverbio
376,ZH,天气真的很好,tiān qì zhēn de hěn hǎo
376,JA,天気が本当にいいです,てんきがほんとうにいいです(tenki ga hontō ni ii desu)
376,KO,날씨가 정말 좋습니다,명사+가+부사+형용사 패턴. nalssiga jeongmal jotseumnida
377,EN,The house is very big,Subject + adverb + adjective sentence
377,ES,La casa es muy grande,Oración con adverbio
377,ZH,家非常大,jiā fēi cháng dà - 家+非常+大
377,JA,家がとても大きいです,いえがとてもおおきいです(ie ga totemo ōkii desu)
377,KO,집이 아주 큽니다,명사+이+부사+형용사 패턴. jibi aju keumnida
378,EN,The coffee is very hot,Subject + adverb + adjective sentence
378,ES,El café está muy caliente,Oración con adverbio
378,ZH,咖啡非常热,kā fēi fēi cháng rè
378,JA,コーヒーがとても熱いです,コーヒーがとてもあついです(kōhī ga totemo atsui desu)
378,KO,커피가 매우 뜨겁습니다,명사+가+부사+형용사 패턴. keopiga maeu tteugeopseumnida
379,EN,She is a really good teacher,Extended sentence with adverb
379,ES,Ella es una profesora realmente buena,Oración extendida con adverbio
379,ZH,她真的是一个好老师,tā zhēn de shì yí ge hǎo lǎo shī
379,JA,彼女は本当にいい先生です,かのじょはほんとうにいいせんせいです(kanojo wa hontō ni ii sensei desu)
379,KO,그녀는 정말 좋은 선생님입니다,주어+부사+관형사형+명사+입니다. geunyeoneun jeongmal joeun seonsaengnimimnida
380,EN,This is very good,Subject + adverb + adjective sentence
380,ES,Esto es muy bueno,Oración con adverbio
380,ZH,这个非常好,zhè ge fēi cháng hǎo
380,JA,これはとてもいいです,これはとてもいいです(kore wa totemo ii desu)
380,KO,이것은 아주 좋습니다,이것+은+부사+형용사 패턴. igoseun aju jotseumnida
381,EN,That's correct,Affirmation expression
381,ES,Es correcto,Expresión de afirmación
381,ZH,对的,"duì de - 对的 (맞다, 옳다)"
381,JA,そうです,そうです(sō desu) - そうです (맞습니다)
381,KO,맞습니다,긍정 표현. 사실이 옳음을 확인. matseumnida
382,EN,Of course,Strong affirmation
382,ES,Por supuesto,Afirmación fuerte
382,ZH,当然,dāng rán - 当然 (물론)
382,JA,もちろん,もちろん(mochiron) - もちろん (물론)
382,KO,물론,강한 긍정 부사. 당연하다는 뜻. mullon
383,EN,"Yes, that's fine",Agreement expression
383,ES,"Sí, está bien",Expresión de acuerdo
383,ZH,是的，很好,"shì de, hěn hǎo - 是的+很好 (네+좋습니다)"
383,JA,はい、いいです,"はい、いいです(hai, ii desu)"
383,KO,"네, 좋습니다","긍정+동의 표현. ne, jotseumnida"
384,EN,"No, it's okay",Polite refusal
384,ES,"No, está bien",Rechazo cortés
384,ZH,不，没关系,"bù, méi guān xi - 不+没关系 (아니요+괜찮습니다)"
384,JA,いいえ、大丈夫です,"いいえ、だいじょうぶです(iie, daijōbu desu)"
384,KO,"아니요, 괜찮습니다","부정+거절 표현. 정중한 거절. aniyo, gwaenchanseumnida"
385,EN,Maybe tomorrow,Phrase: uncertainty + time
385,ES,Quizás mañana,Frase: incertidumbre + tiempo
385,ZH,也许明天,yě xǔ míng tiān - 也许+明天 (아마도+내일)
385,JA,たぶん明日,たぶんあした(tabun ashita) - たぶん+明日
385,KO,아마도 내일,추측부사+시간 패턴. '아마도'는 불확실한 추측. amado naeil
386,EN,This is correct,Subject + adjective sentence
386,ES,Esto es correcto,Oración: sujeto + adjetivo
386,ZH,这是对的,zhè shì duì de - 这+是+对的
386,JA,これは正しいです,これはただしいです(kore wa tadashii desu)
386,KO,이것은 맞습니다,이것+은+형용사 패턴. igoseun matseumnida
387,EN,That is not it,Negation sentence
387,ES,Eso no es,Oración de negación
387,ZH,那不是,nà bú shì - 那+不是 (그것+아니다)
387,JA,それは違います,それはちがいます(sore wa chigaimasu)
387,KO,그것은 아닙니다,명사+은+아닙니다 패턴. 부정 서술. geugoseun animnida
388,EN,There is no water,Negation of existence
388,ES,No hay agua,Negación de existencia
388,ZH,没有水,méi yǒu shuǐ - 没有+水 (없다+물)
388,JA,水はありません,みずはありません(mizu wa arimasen)
388,KO,물은 없습니다,명사+은+없습니다 패턴. 부재 표현. mureun eopsseumnida
389,EN,That is certain,Subject + adjective sentence
389,ES,Eso es seguro,Oración: sujeto + adjetivo
389,ZH,那是确定的,nà shì què dìng de - 那+是+确定的
389,JA,それは確かです,それはたしかです(sore wa tashika desu)
389,KO,그것은 확실합니다,명사+은+형용사 패턴. geugoseun hwaksilhamnida
390,EN,I don't go to school today,Negative sentence with time
390,ES,No voy a la escuela hoy,Oración negativa con tiempo
390,ZH,我今天不去学校,wǒ jīn tiān bú qù xué xiào
390,JA,私は今日学校に行きません,わたしはきょうがっこうにいきません(watashi wa kyō gakkō ni ikimasen)
390,KO,나는 오늘 학교에 가지 않습니다,주어+시간+장소에+동사+지 않습니다 패턴. 부정문. naneun oneul hakgyoe gaji anseumnida
391,EN,Always,Frequency adverb meaning every time
391,ES,Siempre,Adverbio de frecuencia que significa cada vez
391,ZH,总是,zǒng shì - 总是 (항상)
391,JA,いつも,いつも(itsumo) - いつも (항상)
391,KO,항상,빈도 부사. 언제나 늘. hangsang
392,EN,"Just a little, please",Quantity request phrase
392,ES,"Solo un poco, por favor",Frase de solicitud de cantidad
392,ZH,请给我一点点,qǐng gěi wǒ yì diǎn diǎn - 请+给我+一点点
392,JA,少しだけください,すこしだけください(sukoshi dake kudasai)
392,KO,조금만 주세요,양+만+주세요 패턴. '만'은 한정 조사. jogeumman juseyo
393,EN,A lot of water,Phrase: noun + quantity
393,ES,Mucha agua,Frase: sustantivo + cantidad
393,ZH,很多水,hěn duō shuǐ - 很多+水 (많이+물)
393,JA,水をたくさん,みずをたくさん(mizu o takusan) - 水+を+たくさん
393,KO,물 많이,명사+양 부사 패턴. mul mani
394,EN,Sometimes the park,Phrase: frequency + place
394,ES,A veces el parque,Frase: frecuencia + lugar
394,ZH,偶尔去公园,ǒu ěr qù gōng yuán - 偶尔+公园 (가끔+공원)
394,JA,時々公園,ときどきこうえん(tokidoki kōen) - 時々+公園
394,KO,가끔 공원,빈도부사+장소 패턴. gakkeum gongwon
395,EN,I always eat breakfast,Sentence with frequency adverb
395,ES,Siempre desayuno,Oración con adverbio de frecuencia
395,ZH,我总是吃早餐,wǒ zǒng shì chī zǎo cān
395,JA,私はいつも朝食を食べます,わたしはいつもちょうしょくをたべます(watashi wa itsumo chōshoku o tabemasu)
395,KO,나는 항상 아침을 먹습니다,주어+빈도부사+목적어+을+동사 패턴. naneun hangsang achimeul meokseumnida
396,EN,I drink a lot of water,Sentence with quantity adverb
396,ES,Bebo mucha agua,Oración con adverbio de cantidad
396,ZH,喝很多水,hē hěn duō shuǐ - 喝+很多+水
396,JA,水をたくさん飲みます,みずをたくさんのみます(mizu o takusan nomimasu)
396,KO,물을 많이 마십니다,목적어+을+양부사+동사 패턴. mureul mani masimnida
397,EN,I sometimes watch movies,Sentence with frequency adverb
397,ES,A veces veo películas,Oración con adverbio de frecuencia
397,ZH,偶尔看电影,ǒu ěr kàn diàn yǐng - 偶尔+看+电影
397,JA,時々映画を見ます,ときどきえいがをみます(tokidoki eiga o mimasu)
397,KO,가끔 영화를 봅니다,빈도부사+목적어+를+동사 패턴. gakkeum yeonghwareul bomnida
398,EN,I drink a little milk,Sentence with quantity adverb
398,ES,Bebo un poco de leche,Oración con adverbio de cantidad
398,ZH,喝一点牛奶,hē yì diǎn niú nǎi - 喝+一点+牛奶
398,JA,牛乳を少し飲みます,ぎゅうにゅうをすこしのみます(gyūnyū o sukoshi nomimasu)
398,KO,우유를 조금 마십니다,목적어+를+양부사+동사 패턴. uyureul jogeum masimnida
399,EN,I often eat fruit,Sentence with frequency adverb
399,ES,A menudo como fruta,Oración con adverbio de frecuencia
399,ZH,经常吃水果,jīng cháng chī shuǐ guǒ - 经常+吃+水果
399,JA,よく果物を食べます,よくくだものをたべます(yoku kudamono o tabemasu)
399,KO,과일을 자주 먹습니다,목적어+를+빈도부사+동사 패턴. gwaireul jaju meokseumnida
400,EN,I drink milk every morning,Extended sentence with frequency and time
400,ES,Bebo leche cada mañana,Oración extendida con frecuencia y tiempo
400,ZH,我每天早上喝牛奶,wǒ měi tiān zǎo shang hē niú nǎi
400,JA,私は毎朝牛乳を飲みます,わたしはまいあさぎゅうにゅうをのみます(watashi wa maiasa gyūnyū o nomimasu)
400,KO,나는 매일 아침에 우유를 마십니다,주어+빈도+시간에+목적어+를+동사. 확장 단문. naneun maeil achime uyureul masimnida
